turbine_id,inspection_date,wind_farm,service_region,maintenance_vendor,work_order_ref,turbine_age_months,operating_hours,rated_capacity_mw,prior_fault_count,gearbox_vibration_mm_s,drive_train_type,weather_exposure,offshore_installation
WT-13-000000,2026-07-01,Tirunelveli,West,MV-Nova,WO-130000000,126.96,73694.9,5.3,2,5.314,geared,low,yes
WT-13-000001,2026-07-02,Satara,West,MV-Atlas,WO-130000001,125.77,24973.2,4.39,7,4.457,geared,high,no
WT-13-000002,2026-07-03,Tirunelveli,South,MV-Atlas,WO-130000002,120.19,72044.1,,5,5.057,hybrid,moderate,yes
WT-13-000003,2026-07-04,Coimbatore,West,MV-Zenith,WO-130000003,50.94,49996.4,2.16,2,8.12,geared,low,yes
WT-13-000004,2026-07-05,Tirunelveli,North,MV-Nova,WO-130000004,27.73,73988.6,5.37,6,8.289,direct_drive, LOW ,no
WT-13-000005,2026-07-06,Jaisalmer,North,MV-Zenith,WO-130000005,137.25,31372.1,1.85,5,1.896,geared,moderate, YES 
WT-13-000006,2026-07-07,Jaisalmer,South,MV-Atlas,WO-130000006,95.34,66832.9,2.42,8,7.2,direct_drive,moderate,no
WT-13-000007,2026-07-08,Coimbatore,West,MV-Zenith,WO-130000007,18.33,31857.6,3.58,6,8.207,direct_drive,moderate,no
WT-13-000008,2026-07-09,Tirunelveli,North,MV-Atlas,WO-130000008,132.71,56793.2,3.2,4,7.183,direct_drive,low,no
WT-13-000009,2026-07-10,Satara,South,MV-Atlas,WO-130000009,142.09,60086.5,2.35,4,7.984,geared,high,no
WT-13-000010,2026-07-11,Kutch,South,MV-Atlas,WO-130000010,54.07,65828.8,4.15,5,4.205,geared,high,no
WT-13-000011,2026-07-12,Tirunelveli,North,MV-Zenith,WO-130000011,120.52,51954.3,4.6,6,2.093,hybrid,moderate,no
WT-13-000012,2026-07-13,Tirunelveli,South,MV-Nova,WO-130000012,28.38,38481.7,4.21,0,7.848,geared,moderate,no
WT-13-000013,2026-07-14,Kutch,South,MV-Nova,WO-130000013,73.22,8030.2,5.47,5,6.573,hybrid,high,yes
WT-13-000014,2026-07-15,Coimbatore,West,MV-Nova,WO-130000014,121.03,58511.9,3.7,6,7.955,geared,moderate,no
WT-13-000015,2026-07-16,Satara,West,MV-Nova,WO-130000015,69.5,48183.8,1.65,4,8.109, HYBRID , MODERATE ,no
WT-13-000016,2026-07-17,Coimbatore,West,MV-Atlas,WO-130000016,83.24,15743.8,4.54,3,3.041,direct_drive,low,no
WT-13-000017,2026-07-18,Satara,South,MV-Zenith,WO-130000017,32.75,56699.5,3.89,4,8.371,direct_drive,high,no
WT-13-000018,2026-07-19,Tirunelveli,West,MV-Atlas,WO-130000018,120.56,34701.3,2.26,6,7.883,direct_drive,low,yes
WT-13-000019,2026-07-20,Tirunelveli,North,MV-Nova,WO-130000019,80.73,,3.45,8,2.842,geared,high,no
WT-13-000020,2026-07-21,Coimbatore,South,MV-Atlas,WO-130000020,49.28,39633.8,1.54,5,6.616,geared,moderate,no
WT-13-000021,2026-07-22,Coimbatore,South,MV-Atlas,WO-130000021,115.86,63831.4,3.19,0,8.403,direct_drive,high,no
WT-13-000022,2026-07-23,Tirunelveli,West,MV-Atlas,WO-130000022,141.38,58857.2,3.32,1,4.944,geared,high,yes
WT-13-000023,2026-07-24,Coimbatore,North,MV-Zenith,WO-130000023,85.83,69909.7,4.99,7,3.44,direct_drive,moderate,no
WT-13-000024,2026-07-25,Kutch,North,MV-Nova,WO-130000024,110.88,69804.5,2.24,0,2.975,geared,moderate,yes
WT-13-000025,2026-07-26,Tirunelveli,North,MV-Nova,WO-130000025,143.09,8054.3,,4,4.52,hybrid,moderate,no
WT-13-000026,2026-07-27,Tirunelveli,South,MV-Atlas,WO-130000026,21.8,50878.1,1.8,8,6.282,direct_drive,low,no
WT-13-000027,2026-07-28,Kutch,West,MV-Nova,WO-130000027,93.47,76731.5,4.99,1,3.709,geared,low,yes
WT-13-000028,2026-07-01,Coimbatore,South,MV-Nova,WO-130000028,139.88,9569.5,3.06,4,1.549,direct_drive,low,no
WT-13-000029,2026-07-02,Kutch,North,MV-Atlas,WO-130000029,32.78,,4.07,3,3.073,geared,moderate,no
WT-13-000030,2026-07-03,Coimbatore,West,MV-Atlas,WO-130000030,46.11,27334.4,5.1,4,8.215,direct_drive,extreme,yes
WT-13-000031,2026-07-04,Kutch,South,MV-Nova,WO-130000031,87.33,47134.4,4.59,8,8.089,direct_drive,extreme,no
WT-13-000032,2026-07-05,Tirunelveli,West,MV-Zenith,WO-130000032,109.01,13605.9,1.95,6,7.828,direct_drive,high,no
WT-13-000033,2026-07-06,Coimbatore,North,MV-Nova,WO-130000033,87.65,53469.6,2.87,3,5.616,hybrid,low,no
WT-13-000034,2026-07-07,Jaisalmer,North,MV-Nova,WO-130000034,87.01,67699.9,2.0,1,1.929,geared,high,no
WT-13-000035,2026-07-08,Kutch,West,MV-Atlas,WO-130000035,24.49,60345.3,1.56,2,8.726,direct_drive,low,yes
WT-13-000036,2026-07-09,Satara,West,MV-Nova,WO-130000036,111.14,57635.4,1.8,8,7.999,geared,moderate,no
WT-13-000037,2026-07-10,Kutch,South,MV-Zenith,WO-130000037,58.41,70205.9,3.02,2,5.378,direct_drive,low,no
WT-13-000038,2026-07-11,Tirunelveli,South,MV-Nova,WO-130000038,27.32,47620.1,4.77,3,3.234,geared,extreme,no
WT-13-000039,2026-07-12,Coimbatore,South,MV-Nova,WO-130000039,138.77,23326.2,2.21,8,3.955,geared,moderate,yes
WT-13-000040,2026-07-13,Coimbatore,West,MV-Zenith,WO-130000040,101.12,44937.4,1.86,8,2.68,geared,moderate,no
WT-13-000041,2026-07-14,Tirunelveli,North,MV-Atlas,WO-130000041,75.43,65337.1,3.58,8,7.806,direct_drive,high,yes
WT-13-000042,2026-07-15,Jaisalmer,North,MV-Zenith,WO-130000042,110.31,29817.5,2.23,6,,direct_drive,extreme,no
WT-13-000043,2026-07-16,Jaisalmer,West,MV-Zenith,WO-130000043,78.21,36974.0,3.25,5,4.731,direct_drive,moderate,no
WT-13-000044,2026-07-17,Coimbatore,North,MV-Atlas,WO-130000044,33.71,65167.4,2.35,4,5.619,geared,low,yes
WT-13-000045,2026-07-18,Coimbatore,West,MV-Atlas,WO-130000045,94.18,11981.1,3.07,0,6.788,direct_drive,high,yes
WT-13-000046,2026-07-19,Satara,North,MV-Atlas,WO-130000046,112.11,11653.7,3.92,6,5.155,hybrid,moderate,no
WT-13-000047,2026-07-20,Tirunelveli,South,MV-Atlas,WO-130000047,111.76,32121.5,5.18,1,4.291,geared,moderate,no
WT-13-000048,2026-07-21,Tirunelveli,North,MV-Nova,WO-130000048,87.5,67393.6,4.43,7,7.374,hybrid,low,no
WT-13-000049,2026-07-22,Coimbatore,North,MV-Atlas,WO-130000049,134.99,16112.5,2.09,4,7.435,geared,low,no
WT-13-000050,2026-07-23,Satara,South,MV-Nova,WO-130000050,137.16,46411.5,2.86,7,3.81,geared,moderate,yes
WT-13-000051,2026-07-24,Satara,West,MV-Nova,WO-130000051,128.23,55135.2,2.82,0,6.189,hybrid,high,no
WT-13-000052,2026-07-25,Tirunelveli,South,MV-Nova,WO-130000052,64.83,11644.3,,8,1.254,hybrid,high,yes
WT-13-000053,2026-07-26,Tirunelveli,South,MV-Nova,WO-130000053,51.74,67085.6,3.76,0,,direct_drive,high,no
WT-13-000054,2026-07-27,Tirunelveli,South,MV-Zenith,WO-130000054,84.76,62992.8,5.47,2,4.982,geared, HIGH ,yes
WT-13-000055,2026-07-28,Tirunelveli,North,MV-Zenith,WO-130000055,100.44,9820.1,4.32,7,3.352,direct_drive,extreme,yes
WT-13-000056,2026-07-01,Coimbatore,North,MV-Zenith,WO-130000056,38.23,40640.7,4.91,0,3.477,hybrid,moderate,no
WT-13-000057,2026-07-02,Jaisalmer,North,MV-Nova,WO-130000057,88.49,37270.7,1.74,4,8.245,hybrid,high,no
WT-13-000058,2026-07-03,Tirunelveli,West,MV-Atlas,WO-130000058,73.31,60087.4,5.27,5,6.256,direct_drive,moderate,no
WT-13-000059,2026-07-04,Satara,South,MV-Zenith,WO-130000059,18.21,9884.8,2.32,6,8.005,direct_drive,moderate,no
WT-13-000060,2026-07-05,Tirunelveli,West,MV-Zenith,WO-130000060,70.77,32128.8,3.72,7,4.287,geared,high, YES 
WT-13-000061,2026-07-06,Kutch,West,MV-Atlas,WO-130000061,68.39,11476.0,3.21,6,6.09,hybrid,high,yes
WT-13-000062,2026-07-07,Jaisalmer,South,MV-Zenith,WO-130000062,139.39,43885.7,4.95,0,5.596,hybrid,moderate,yes
WT-13-000063,2026-07-08,Satara,West,MV-Atlas,WO-130000063,24.87,12999.7,4.66,3,6.897,direct_drive,moderate,no
WT-13-000064,2026-07-09,Satara,West,MV-Zenith,WO-130000064,135.0,64209.5,2.96,4,2.727,geared,high,no
WT-13-000065,2026-07-10,Jaisalmer,West,MV-Zenith,WO-130000065,132.45,30795.5,1.56,2,4.326,geared,high,no
WT-13-000066,2026-07-11,Coimbatore,South,MV-Zenith,WO-130000066,93.57,8156.3,4.64,0,5.054,hybrid,low,no
WT-13-000067,2026-07-12,Tirunelveli,North,MV-Nova,WO-130000067,41.59,28763.8,3.96,7,2.12,hybrid,low,no
WT-13-000068,2026-07-13,Jaisalmer,West,MV-Atlas,WO-130000068,117.7,45420.0,4.97,1,3.191,geared,extreme,yes
WT-13-000069,2026-07-14,Coimbatore,West,MV-Nova,WO-130000069,38.35,22479.5,2.87,4,4.687,direct_drive,moderate,yes
WT-13-000070,2026-07-15,Jaisalmer,West,MV-Zenith,WO-130000070,58.4,17646.1,5.11,3,3.218,hybrid,low,no
WT-13-000071,2026-07-16,Kutch,West,MV-Atlas,WO-130000071,101.97,62178.7,4.26,6,3.688,hybrid, EXTREME ,no
WT-13-000072,2026-07-17,Jaisalmer,West,MV-Atlas,WO-130000072,71.58,47789.8,5.18,3,5.356,geared,high,no
WT-13-000073,2026-07-18,Tirunelveli,West,MV-Zenith,WO-130000073,76.08,10223.6,2.88,5,8.171,geared,high,no
WT-13-000074,2026-07-19,Coimbatore,North,MV-Zenith,WO-130000074,56.2,56271.6,3.33,6,6.468,hybrid,moderate,no
WT-13-000075,2026-07-20,Coimbatore,West,MV-Zenith,WO-130000075,22.69,13705.1,3.98,5,7.488,geared,moderate,no
WT-13-000076,2026-07-21,Coimbatore,West,MV-Nova,WO-130000076,63.46,,3.83,0,4.264,direct_drive,extreme,no
WT-13-000077,2026-07-22,Coimbatore,South,MV-Atlas,WO-130000077,122.15,65840.4,4.04,4,7.078,geared,high,yes
WT-13-000078,2026-07-23,Kutch,South,MV-Zenith,WO-130000078,122.6,27362.5,2.65,3,2.308,direct_drive,low,yes
WT-13-000079,2026-07-24,Kutch,West,MV-Nova,WO-130000079,28.21,8616.6,1.68,8,8.041,geared,low,no
WT-13-000080,2026-07-25,Coimbatore,West,MV-Atlas,WO-130000080,87.68,45706.6,2.04,8,3.172,direct_drive,moderate,no
WT-13-000081,2026-07-26,Satara,West,MV-Atlas,WO-130000081,62.58,47167.8,4.91,0,2.059,geared,moderate,no
WT-13-000082,2026-07-27,Tirunelveli,South,MV-Nova,WO-130000082,68.27,30676.8,1.96,4,7.757,geared,moderate,no
WT-13-000083,2026-07-28,Jaisalmer,West,MV-Zenith,WO-130000083,142.47,35389.9,4.82,3,1.652,direct_drive,moderate,yes
WT-13-000084,2026-07-01,Kutch,South,MV-Zenith,WO-130000084,119.96,9810.8,5.02,2,1.651,direct_drive,low,no
WT-13-000085,2026-07-02,Kutch,North,MV-Zenith,WO-130000085,81.88,74388.2,1.58,6,1.835,hybrid,low,yes
WT-13-000086,2026-07-03,Satara,North,MV-Zenith,WO-130000086,81.94,14737.9,2.36,6,7.84,hybrid,moderate,no
WT-13-000087,2026-07-04,Jaisalmer,West,MV-Zenith,WO-130000087,133.54,39572.3,3.5,1,1.408,geared,moderate,yes
WT-13-000088,2026-07-05,Kutch,North,MV-Nova,WO-130000088,65.27,25634.5,4.76,3,2.847,geared,moderate,no
WT-13-000089,2026-07-06,Jaisalmer,South,MV-Nova,WO-130000089,116.52,51108.2,3.66,4,8.287,geared,high,no
WT-13-000090,2026-07-07,Tirunelveli,West,MV-Zenith,WO-130000090,109.93,23703.3,2.21,4,4.254,geared,moderate,no
WT-13-000091,2026-07-08,Coimbatore,South,MV-Atlas,WO-130000091,110.91,11869.4,1.95,4,7.247,geared,moderate,no
WT-13-000092,2026-07-09,Kutch,West,MV-Atlas,WO-130000092,75.41,43459.6,2.55,1,4.584,direct_drive,moderate, NO 
WT-13-000093,2026-07-10,Satara,South,MV-Atlas,WO-130000093,104.35,25459.6,3.02,5,3.96,hybrid,moderate,yes
WT-13-000094,2026-07-11,Satara,South,MV-Nova,WO-130000094,123.5,53784.1,5.32,8,7.985,direct_drive,high,no
WT-13-000095,2026-07-12,Coimbatore,West,MV-Zenith,WO-130000095,55.26,28335.1,3.09,7,2.378, GEARED ,low,yes
WT-13-000096,2026-07-13,Jaisalmer,West,MV-Nova,WO-130000096,114.16,70726.5,4.11,2,7.972,geared,moderate,no
WT-13-000097,2026-07-14,Coimbatore,South,MV-Atlas,WO-130000097,78.73,48195.9,5.2,2,8.35,direct_drive,high,no
WT-13-000098,2026-07-15,Tirunelveli,West,MV-Nova,WO-130000098,85.32,42849.9,2.76,1,7.267,hybrid,low,no
WT-13-000099,2026-07-16,Coimbatore,West,MV-Atlas,WO-130000099,76.57,41330.7,2.25,7,1.994,direct_drive,moderate,no
WT-13-000100,2026-07-17,Tirunelveli,South,MV-Nova,WO-130000100,65.23,47909.7,1.52,1,8.579,geared,moderate,no
WT-13-000101,2026-07-18,Satara,South,MV-Nova,WO-130000101,112.78,46114.9,3.99,0,3.978,geared,moderate,no
WT-13-000102,2026-07-19,Tirunelveli,West,MV-Atlas,WO-130000102,67.38,44721.6,,5,8.665,direct_drive,high,no
WT-13-000103,2026-07-20,Jaisalmer,North,MV-Zenith,WO-130000103,40.84,21279.5,3.46,8,7.337,direct_drive,extreme,no
WT-13-000104,2026-07-21,Coimbatore,North,MV-Zenith,WO-130000104,117.25,62049.5,3.16,6,8.192,geared,low,no
WT-13-000105,2026-07-22,Kutch,West,MV-Atlas,WO-130000105,68.36,34720.1,1.71,4,5.659,geared,moderate,no
WT-13-000106,2026-07-23,Kutch,North,MV-Nova,WO-130000106,90.97,,3.33,7,2.382,direct_drive,moderate,no
WT-13-000107,2026-07-24,Tirunelveli,South,MV-Atlas,WO-130000107,141.77,50640.0,4.55,3,2.338,hybrid,moderate,no
WT-13-000108,2026-07-25,Kutch,South,MV-Zenith,WO-130000108,99.6,,2.86,6,7.066,direct_drive,moderate, NO 
WT-13-000109,2026-07-26,Tirunelveli,South,MV-Atlas,WO-130000109,84.07,33379.9,5.28,0,4.357,geared,high,no
WT-13-000110,2026-07-27,Coimbatore,North,MV-Atlas,WO-130000110,53.76,57389.4,1.85,2,7.036,geared,high,no
WT-13-000111,2026-07-28,Satara,West,MV-Atlas,WO-130000111,107.34,21922.7,3.58,6,5.94,geared,extreme,yes
WT-13-000112,2026-07-01,Kutch,South,MV-Atlas,WO-130000112,139.01,10796.9,4.3,3,1.358,geared,moderate,no
WT-13-000113,2026-07-02,Satara,North,MV-Zenith,WO-130000113,107.25,22959.1,1.82,0,5.889,direct_drive,moderate,no
WT-13-000114,2026-07-03,Tirunelveli,South,MV-Nova,WO-130000114,115.01,60843.7,4.6,3,1.869,hybrid,high,no
WT-13-000115,2026-07-04,Tirunelveli,South,MV-Nova,WO-130000115,58.09,16270.7,3.2,6,7.972,direct_drive,extreme,no
WT-13-000116,2026-07-05,Kutch,West,MV-Nova,WO-130000116,57.48,53368.4,2.95,1,4.241,direct_drive,moderate,no
WT-13-000117,2026-07-06,Jaisalmer,North,MV-Nova,WO-130000117,63.06,47572.5,3.49,2,1.955,direct_drive,high,no
WT-13-000118,2026-07-07,Coimbatore,North,MV-Zenith,WO-130000118,78.33,48648.8,4.91,6,6.046,geared,low,no
WT-13-000119,2026-07-08,Coimbatore,West,MV-Nova,WO-130000119,130.55,30930.6,4.03,5,2.746,geared,low,no
WT-13-000120,2026-07-09,Jaisalmer,North,MV-Atlas,WO-130000120,76.76,36681.3,3.82,5,1.513,geared,moderate,no
WT-13-000121,2026-07-10,Kutch,West,MV-Nova,WO-130000121,40.23,65579.4,5.25,4,6.742,direct_drive,low,no
WT-13-000122,2026-07-11,Kutch,North,MV-Zenith,WO-130000122,85.18,35523.7,2.8,7,5.466,hybrid,high,no
WT-13-000123,2026-07-12,Satara,South,MV-Nova,WO-130000123,50.72,12017.0,3.66,6,3.726,direct_drive,high,yes
WT-13-000124,2026-07-13,Jaisalmer,West,MV-Nova,WO-130000124,98.12,40255.7,3.03,4,6.134,geared,moderate,no
WT-13-000125,2026-07-14,Tirunelveli,North,MV-Atlas,WO-130000125,60.67,12487.6,,2,2.183,geared,moderate,yes
WT-13-000126,2026-07-15,Satara,West,MV-Atlas,WO-130000126,137.89,18387.6,4.88,4,1.213,direct_drive,high,no
WT-13-000127,2026-07-16,Satara,North,MV-Nova,WO-130000127,73.05,24145.2,2.09,2,5.54,hybrid,low,no
WT-13-000128,2026-07-17,Satara,North,MV-Atlas,WO-130000128,91.42,43275.0,5.29,1,3.675,hybrid,low,no
WT-13-000129,2026-07-18,Kutch,South,MV-Nova,WO-130000129,91.66,45812.4,4.63,1,4.219,direct_drive, EXTREME ,no
WT-13-000130,2026-07-19,Coimbatore,North,MV-Nova,WO-130000130,70.14,36464.7,2.1,7,1.447,direct_drive,extreme,no
WT-13-000131,2026-07-20,Coimbatore,West,MV-Nova,WO-130000131,141.22,10929.0,2.61,2,2.331,geared,moderate,yes
WT-13-000132,2026-07-21,Kutch,West,MV-Atlas,WO-130000132,23.42,16744.7,2.98,7,1.538,geared,extreme,no
WT-13-000133,2026-07-22,Tirunelveli,South,MV-Nova,WO-130000133,111.7,48937.5,1.99,8,7.739,geared,high,no
WT-13-000134,2026-07-23,Satara,North,MV-Atlas,WO-130000134,51.31,8577.1,2.72,0,5.018,hybrid,moderate,no
WT-13-000135,2026-07-24,Satara,North,MV-Nova,WO-130000135,25.67,61789.1,,8,1.594,geared,moderate,no
WT-13-000136,2026-07-25,Tirunelveli,North,MV-Zenith,WO-130000136,40.62,49510.0,2.85,1,7.093,direct_drive,high,no
WT-13-000137,2026-07-26,Satara,West,MV-Atlas,WO-130000137,112.61,46661.1,3.02,3,7.18,direct_drive,moderate,no
WT-13-000138,2026-07-27,Jaisalmer,West,MV-Nova,WO-130000138,132.5,70854.9,3.84,3,2.948,geared, HIGH ,no
WT-13-000139,2026-07-28,Tirunelveli,West,MV-Nova,WO-130000139,115.7,,4.77,7,8.523,hybrid,high, NO 
WT-13-000140,2026-07-01,Coimbatore,South,MV-Nova,WO-130000140,53.88,50291.3,3.83,2,6.926,hybrid,low,no
WT-13-000141,2026-07-02,Jaisalmer,West,MV-Zenith,WO-130000141,80.56,36641.0,1.75,7,2.88, GEARED ,high,no
WT-13-000142,2026-07-03,Satara,North,MV-Nova,WO-130000142,32.93,61665.4,3.38,4,6.505,hybrid,moderate,no
WT-13-000143,2026-07-04,Kutch,South,MV-Atlas,WO-130000143,70.87,50171.8,1.75,5,7.228,direct_drive,moderate,no
WT-13-000144,2026-07-05,Satara,West,MV-Atlas,WO-130000144,50.49,47447.0,1.94,5,3.556,geared,high,no
WT-13-000145,2026-07-06,Tirunelveli,West,MV-Atlas,WO-130000145,21.98,37046.0,2.62,5,2.755,direct_drive,high,no
WT-13-000146,2026-07-07,Satara,South,MV-Zenith,WO-130000146,54.69,69903.6,1.86,6,7.572,geared,moderate,no
WT-13-000147,2026-07-08,Tirunelveli,West,MV-Nova,WO-130000147,134.98,47087.2,2.53,5,3.116,hybrid,moderate,no
WT-13-000148,2026-07-09,Kutch,South,MV-Atlas,WO-130000148,84.87,23269.7,2.66,3,4.741,direct_drive,high,yes
WT-13-000149,2026-07-10,Kutch,South,MV-Atlas,WO-130000149,52.51,14913.7,2.18,1,3.567,geared,moderate,yes
WT-13-000150,2026-07-11,Tirunelveli,West,MV-Atlas,WO-130000150,32.36,74410.4,4.87,4,4.985,geared,moderate,yes
WT-13-000151,2026-07-12,Jaisalmer,West,MV-Zenith,WO-130000151,131.12,71727.4,4.16,4,7.768,geared,high,no
WT-13-000152,2026-07-13,Satara,South,MV-Zenith,WO-130000152,29.53,54580.5,2.1,3,1.71,geared,moderate,yes
WT-13-000153,2026-07-14,Tirunelveli,North,MV-Atlas,WO-130000153,22.83,62713.1,4.6,3,2.173,direct_drive,moderate,no
WT-13-000154,2026-07-15,Tirunelveli,South,MV-Zenith,WO-130000154,32.13,75385.1,2.02,4,7.049,geared,moderate,no
WT-13-000155,2026-07-16,Jaisalmer,North,MV-Atlas,WO-130000155,112.83,59294.0,1.78,0,7.744,geared,moderate,no
WT-13-000156,2026-07-17,Satara,North,MV-Nova,WO-130000156,135.7,30141.2,4.61,4,3.808,geared,moderate,no
WT-13-000157,2026-07-18,Satara,West,MV-Atlas,WO-130000157,30.06,60262.3,2.52,8,5.457,hybrid,high,no
WT-13-000158,2026-07-19,Coimbatore,South,MV-Zenith,WO-130000158,98.37,51088.6,1.87,0,7.655,geared,high,no
WT-13-000159,2026-07-20,Jaisalmer,North,MV-Nova,WO-130000159,100.15,22361.8,2.48,3,3.601,direct_drive, MODERATE ,no
WT-13-000160,2026-07-21,Tirunelveli,South,MV-Nova,WO-130000160,84.32,47486.1,3.72,8,7.145,direct_drive,high,no
WT-13-000161,2026-07-22,Tirunelveli,North,MV-Atlas,WO-130000161,18.49,75044.5,4.61,1,6.172,hybrid,extreme,no
WT-13-000162,2026-07-23,Tirunelveli,South,MV-Atlas,WO-130000162,105.23,74871.5,4.55,0,4.936,hybrid,extreme, NO 
WT-13-000163,2026-07-24,Jaisalmer,South,MV-Atlas,WO-130000163,72.2,33327.9,5.23,3,6.557, GEARED ,moderate,no
WT-13-000164,2026-07-25,Kutch,North,MV-Atlas,WO-130000164,135.39,72678.6,4.79,4,7.399,geared,low,no
WT-13-000165,2026-07-26,Coimbatore,South,MV-Nova,WO-130000165,143.64,24306.6,5.13,4,3.091,geared,extreme,no
WT-13-000166,2026-07-27,Coimbatore,South,MV-Atlas,WO-130000166,98.21,32230.6,2.91,4,2.124,hybrid,high,no
WT-13-000167,2026-07-28,Coimbatore,West,MV-Zenith,WO-130000167,32.62,21934.5,4.03,1,2.727,direct_drive,high,no
WT-13-000168,2026-07-01,Coimbatore,South,MV-Atlas,WO-130000168,57.99,32047.2,1.91,7,8.721,direct_drive,low,yes
WT-13-000169,2026-07-02,Jaisalmer,West,MV-Nova,WO-130000169,97.35,74076.9,2.86,2,4.968,direct_drive,moderate, NO 
WT-13-000170,2026-07-03,Satara,South,MV-Nova,WO-130000170,127.77,20858.6,3.21,2,4.344,hybrid,extreme,no
WT-13-000171,2026-07-04,Coimbatore,South,MV-Atlas,WO-130000171,71.07,22428.5,5.04,4,3.973,hybrid,low,no
WT-13-000172,2026-07-05,Jaisalmer,South,MV-Atlas,WO-130000172,63.48,30265.3,5.29,7,7.604,geared,moderate,no
WT-13-000173,2026-07-06,Jaisalmer,South,MV-Nova,WO-130000173,94.44,68120.5,3.94,1,4.538,geared,high,no
WT-13-000174,2026-07-07,Kutch,North,MV-Atlas,WO-130000174,125.74,28523.8,3.49,8,5.229,hybrid,high,yes
WT-13-000175,2026-07-08,Tirunelveli,West,MV-Atlas,WO-130000175,42.58,33900.1,4.35,8,1.982,geared,high,no
WT-13-000176,2026-07-09,Kutch,South,MV-Nova,WO-130000176,93.01,41575.7,4.32,1,3.655,hybrid,high,yes
WT-13-000177,2026-07-10,Tirunelveli,North,MV-Zenith,WO-130000177,95.62,65026.6,2.92,0,5.389,direct_drive,high,no
WT-13-000178,2026-07-11,Jaisalmer,South,MV-Nova,WO-130000178,77.87,33026.4,5.22,5,,direct_drive,moderate,no
WT-13-000179,2026-07-12,Jaisalmer,North,MV-Zenith,WO-130000179,63.37,58566.9,3.77,3,3.596,hybrid,low,no
WT-13-000180,2026-07-13,Satara,South,MV-Atlas,WO-130000180,137.48,64648.4,4.71,3,2.607,geared,extreme,yes
WT-13-000181,2026-07-14,Kutch,North,MV-Atlas,WO-130000181,120.87,8834.1,3.01,1,6.126,geared,moderate,no
WT-13-000182,2026-07-15,Tirunelveli,West,MV-Zenith,WO-130000182,37.58,69298.1,4.15,5,8.751,direct_drive,moderate,no
WT-13-000183,2026-07-16,Kutch,North,MV-Zenith,WO-130000183,18.1,29298.6,3.32,8,3.436,hybrid,moderate,no
WT-13-000184,2026-07-17,Coimbatore,West,MV-Nova,WO-130000184,50.52,43637.8,4.03,7,6.133,geared,high,yes
WT-13-000185,2026-07-18,Satara,West,MV-Atlas,WO-130000185,71.28,9311.6,4.68,8,7.818,direct_drive, HIGH ,no
WT-13-000186,2026-07-19,Jaisalmer,South,MV-Atlas,WO-130000186,38.43,72058.5,1.6,8,6.914,geared,high,no
WT-13-000187,2026-07-20,Satara,North,MV-Nova,WO-130000187,60.57,13817.4,1.84,3,7.401,hybrid,moderate,no
WT-13-000188,2026-07-21,Satara,North,MV-Atlas,WO-130000188,103.75,73721.6,,6,5.07,geared,extreme,no
WT-13-000189,2026-07-22,Satara,West,MV-Zenith,WO-130000189,111.15,43679.5,4.45,1,5.781,direct_drive,low,no
WT-13-000190,2026-07-23,Jaisalmer,South,MV-Atlas,WO-130000190,121.12,57996.2,3.07,3,1.969,geared,moderate,no
WT-13-000191,2026-07-24,Kutch,North,MV-Zenith,WO-130000191,120.59,54753.2,5.37,1,4.887,hybrid,low,no
WT-13-000192,2026-07-25,Coimbatore,South,MV-Zenith,WO-130000192,58.67,,2.51,4,7.36,direct_drive,moderate,yes
WT-13-000193,2026-07-26,Tirunelveli,North,MV-Atlas,WO-130000193,85.13,55504.9,2.15,2,6.876,geared,low,no
WT-13-000194,2026-07-27,Jaisalmer,West,MV-Zenith,WO-130000194,110.98,23257.1,3.02,4,3.284,direct_drive,high,no
WT-13-000195,2026-07-28,Tirunelveli,South,MV-Zenith,WO-130000195,95.15,13988.0,3.62,5,7.346,geared,extreme,no
WT-13-000196,2026-07-01,Coimbatore,South,MV-Zenith,WO-130000196,91.06,72117.3,4.9,5,3.849,geared,high,yes
WT-13-000197,2026-07-02,Tirunelveli,North,MV-Zenith,WO-130000197,120.35,24324.9,5.46,0,7.442,hybrid,high,no
WT-13-000198,2026-07-03,Kutch,North,MV-Zenith,WO-130000198,137.1,68669.4,2.51,7,1.34,direct_drive,moderate,no
WT-13-000199,2026-07-04,Jaisalmer,South,MV-Zenith,WO-130000199,131.1,23966.8,2.0,5,3.915, GEARED ,high,no
WT-13-000200,2026-07-05,Satara,South,MV-Zenith,WO-130000200,52.04,58877.1,4.17,2,2.66,geared,moderate,no
WT-13-000201,2026-07-06,Satara,West,MV-Zenith,WO-130000201,33.11,63304.7,4.01,2,5.073,direct_drive,high,no
WT-13-000202,2026-07-07,Kutch,West,MV-Zenith,WO-130000202,54.34,32394.5,5.21,2,2.796,geared,high,no
WT-13-000203,2026-07-08,Coimbatore,West,MV-Atlas,WO-130000203,118.93,40605.5,2.03,6,5.061,direct_drive,moderate,no
WT-13-000204,2026-07-09,Coimbatore,West,MV-Atlas,WO-130000204,57.84,70158.2,5.12,8,3.106, GEARED ,extreme,yes
WT-13-000205,2026-07-10,Tirunelveli,North,MV-Zenith,WO-130000205,111.68,22588.6,4.33,8,4.587,direct_drive,high,no
WT-13-000206,2026-07-11,Coimbatore,West,MV-Atlas,WO-130000206,92.64,10441.8,3.54,8,2.603,hybrid,extreme,no
WT-13-000207,2026-07-12,Coimbatore,North,MV-Atlas,WO-130000207,143.13,62739.6,4.78,1,5.035,hybrid,low,no
WT-13-000208,2026-07-13,Tirunelveli,West,MV-Atlas,WO-130000208,32.99,71533.9,4.17,1,3.534,direct_drive,moderate,yes
WT-13-000209,2026-07-14,Kutch,North,MV-Zenith,WO-130000209,122.38,34889.6,4.83,0,4.987,geared,high,no
WT-13-000210,2026-07-15,Tirunelveli,South,MV-Nova,WO-130000210,23.84,21654.3,3.52,5,8.688,geared,low,no
WT-13-000211,2026-07-16,Jaisalmer,West,MV-Zenith,WO-130000211,98.58,23508.9,2.15,4,5.661,geared,moderate,no
WT-13-000212,2026-07-17,Kutch,North,MV-Zenith,WO-130000212,85.78,43643.1,3.71,2,7.22,geared,high,no
WT-13-000213,2026-07-18,Coimbatore,North,MV-Zenith,WO-130000213,48.85,75592.2,2.19,3,7.787,direct_drive,extreme,yes
WT-13-000214,2026-07-19,Tirunelveli,West,MV-Nova,WO-130000214,51.11,63450.4,4.48,8,1.34,geared,low,no
WT-13-000215,2026-07-20,Tirunelveli,North,MV-Nova,WO-130000215,66.77,64110.7,4.87,0,8.259,hybrid,extreme,no
WT-13-000216,2026-07-21,Jaisalmer,West,MV-Zenith,WO-130000216,78.98,34463.1,4.67,4,6.521,direct_drive,extreme,no
WT-13-000217,2026-07-22,Jaisalmer,West,MV-Nova,WO-130000217,37.87,28765.0,2.55,0,5.566,direct_drive,high,no
WT-13-000218,2026-07-23,Coimbatore,North,MV-Nova,WO-130000218,73.51,55301.6,4.92,4,7.318,geared,moderate,yes
WT-13-000219,2026-07-24,Kutch,South,MV-Nova,WO-130000219,29.14,73150.3,2.42,0,4.652,geared,high,no
WT-13-000220,2026-07-25,Jaisalmer,South,MV-Zenith,WO-130000220,80.91,54246.1,3.45,6,2.098,direct_drive,extreme,yes
WT-13-000221,2026-07-26,Satara,North,MV-Atlas,WO-130000221,86.01,76606.8,3.87,6,1.325,direct_drive,moderate,yes
WT-13-000222,2026-07-27,Coimbatore,West,MV-Nova,WO-130000222,66.83,39135.8,5.1,2,3.582,hybrid,extreme,no
WT-13-000223,2026-07-28,Satara,North,MV-Atlas,WO-130000223,80.13,31163.9,4.08,0,4.135,hybrid,high,no
WT-13-000224,2026-07-01,Satara,South,MV-Nova,WO-130000224,89.69,12074.3,3.26,3,4.81,direct_drive,low,yes
WT-13-000225,2026-07-02,Tirunelveli,West,MV-Nova,WO-130000225,83.69,25823.4,1.51,0,7.473,geared,moderate,no
WT-13-000226,2026-07-03,Jaisalmer,West,MV-Nova,WO-130000226,40.74,58681.5,1.54,0,3.134,direct_drive,moderate,yes
WT-13-000227,2026-07-04,Kutch,South,MV-Zenith,WO-130000227,45.7,61890.2,5.09,8,7.133,geared,high,no
WT-13-000228,2026-07-05,Coimbatore,West,MV-Nova,WO-130000228,51.48,23845.1,5.06,4,4.889,geared,extreme,no
WT-13-000229,2026-07-06,Jaisalmer,West,MV-Zenith,WO-130000229,143.93,32117.0,4.11,0,4.2,geared,low,no
WT-13-000230,2026-07-07,Jaisalmer,South,MV-Zenith,WO-130000230,81.21,15536.4,4.33,0,6.642,geared,moderate,no
WT-13-000231,2026-07-08,Kutch,South,MV-Atlas,WO-130000231,107.12,38272.5,2.98,7,7.893,direct_drive,high,no
WT-13-000232,2026-07-09,Kutch,North,MV-Zenith,WO-130000232,43.56,35098.0,3.67,8,4.391,direct_drive,extreme,yes
WT-13-000233,2026-07-10,Jaisalmer,South,MV-Nova,WO-130000233,83.55,72952.6,4.99,0,3.063,direct_drive,extreme,yes
WT-13-000234,2026-07-11,Tirunelveli,West,MV-Nova,WO-130000234,73.13,63598.5,1.79,4,3.834,direct_drive,extreme,no
WT-13-000235,2026-07-12,Satara,North,MV-Atlas,WO-130000235,43.51,71857.8,3.11,7,6.808,geared,moderate,yes
WT-13-000236,2026-07-13,Tirunelveli,North,MV-Zenith,WO-130000236,45.65,16805.0,4.96,4,7.28, DIRECT_DRIVE ,moderate,yes
WT-13-000237,2026-07-14,Tirunelveli,North,MV-Atlas,WO-130000237,48.32,29815.5,4.06,7,6.197,geared,moderate,yes
WT-13-000238,2026-07-15,Coimbatore,West,MV-Atlas,WO-130000238,111.07,68303.2,4.09,1,8.086,direct_drive,high,no
WT-13-000239,2026-07-16,Coimbatore,South,MV-Zenith,WO-130000239,111.76,24463.4,1.81,6,2.577,geared,low,yes
WT-13-000240,2026-07-17,Kutch,North,MV-Zenith,WO-130000240,127.28,31870.7,3.19,5,8.511,direct_drive,moderate,no
WT-13-000241,2026-07-18,Tirunelveli,North,MV-Nova,WO-130000241,60.41,15000.2,2.71,6,7.204,direct_drive,high,no
WT-13-000242,2026-07-19,Tirunelveli,North,MV-Atlas,WO-130000242,83.37,9159.1,2.28,5,6.846,direct_drive,extreme,no
WT-13-000243,2026-07-20,Tirunelveli,West,MV-Zenith,WO-130000243,109.54,50655.8,3.72,1,2.987,direct_drive,high,no
WT-13-000244,2026-07-21,Tirunelveli,South,MV-Zenith,WO-130000244,88.69,34283.5,2.16,6,4.457,geared,low,no
WT-13-000245,2026-07-22,Coimbatore,North,MV-Zenith,WO-130000245,126.42,32100.1,4.88,8,1.762,geared,high,no
WT-13-000246,2026-07-23,Jaisalmer,South,MV-Zenith,WO-130000246,20.74,,3.14,7,6.132,direct_drive,low,no
WT-13-000247,2026-07-24,Coimbatore,North,MV-Atlas,WO-130000247,105.72,62867.2,4.02,8,2.021,geared,low,yes
WT-13-000248,2026-07-25,Jaisalmer,West,MV-Atlas,WO-130000248,34.52,14553.2,2.55,4,,geared,moderate,no
WT-13-000249,2026-07-26,Kutch,North,MV-Atlas,WO-130000249,83.02,10157.8,2.18,7,7.358,hybrid,low,no
WT-13-000250,2026-07-27,Kutch,North,MV-Nova,WO-130000250,67.45,13488.6,5.28,7,8.271,geared,moderate,yes
WT-13-000251,2026-07-28,Coimbatore,North,MV-Zenith,WO-130000251,74.99,12233.9,3.01,1,5.15,geared,moderate,no
WT-13-000252,2026-07-01,Coimbatore,South,MV-Nova,WO-130000252,114.73,54455.4,4.3,4,6.343,geared,extreme,yes
WT-13-000253,2026-07-02,Jaisalmer,North,MV-Nova,WO-130000253,29.42,43469.5,3.04,6,4.433,direct_drive,moderate,no
WT-13-000254,2026-07-03,Satara,West,MV-Zenith,WO-130000254,24.18,14057.3,4.39,7,2.695,direct_drive,moderate,no
WT-13-000255,2026-07-04,Satara,South,MV-Atlas,WO-130000255,136.16,32818.3,5.35,7,7.591,geared,low,no
WT-13-000256,2026-07-05,Jaisalmer,West,MV-Zenith,WO-130000256,79.27,13143.0,3.86,4,8.02,geared,moderate,no
WT-13-000257,2026-07-06,Jaisalmer,West,MV-Zenith,WO-130000257,69.79,45950.3,3.42,6,8.243,geared, MODERATE ,no
WT-13-000258,2026-07-07,Satara,North,MV-Nova,WO-130000258,37.18,60598.3,2.77,5,1.801,direct_drive,high,yes
WT-13-000259,2026-07-08,Kutch,West,MV-Atlas,WO-130000259,81.39,18052.6,1.65,2,4.835,direct_drive,high,no
WT-13-000260,2026-07-09,Jaisalmer,North,MV-Nova,WO-130000260,101.95,68658.7,3.97,6,5.667,geared,high,no
WT-13-000261,2026-07-10,Satara,West,MV-Nova,WO-130000261,130.69,63929.3,2.54,0,2.569,geared,moderate,no
WT-13-000262,2026-07-11,Coimbatore,North,MV-Nova,WO-130000262,67.22,77775.0,1.88,0,4.147,geared,high,no
WT-13-000263,2026-07-12,Jaisalmer,South,MV-Atlas,WO-130000263,34.29,43818.2,5.24,0,1.646,direct_drive,moderate,no
WT-13-000264,2026-07-13,Satara,West,MV-Atlas,WO-130000264,113.38,45766.2,5.4,1,8.041,direct_drive,extreme,no
WT-13-000265,2026-07-14,Satara,South,MV-Zenith,WO-130000265,56.39,9148.6,2.28,8,4.548,hybrid,high,no
WT-13-000266,2026-07-15,Kutch,North,MV-Zenith,WO-130000266,108.01,71353.7,4.47,4,2.62,geared,extreme,no
WT-13-000267,2026-07-16,Satara,South,MV-Atlas,WO-130000267,118.93,63441.4,4.75,0,6.922,hybrid,high,no
WT-13-000268,2026-07-17,Jaisalmer,West,MV-Atlas,WO-130000268,139.36,52523.7,2.7,2,8.628,hybrid,moderate,no
WT-13-000269,2026-07-18,Kutch,West,MV-Zenith,WO-130000269,39.53,61744.6,4.28,5,,direct_drive,high,no
WT-13-000270,2026-07-19,Satara,South,MV-Zenith,WO-130000270,51.11,23494.0,1.62,0,4.539,geared,high,no
WT-13-000271,2026-07-20,Kutch,West,MV-Nova,WO-130000271,66.87,64203.3,2.22,7,4.477,direct_drive,extreme,yes
WT-13-000272,2026-07-21,Kutch,West,MV-Zenith,WO-130000272,121.11,57199.3,3.69,2,8.401,geared,extreme,no
WT-13-000273,2026-07-22,Jaisalmer,West,MV-Atlas,WO-130000273,72.89,22482.8,3.21,8,2.941,hybrid,moderate,no
WT-13-000274,2026-07-23,Coimbatore,West,MV-Zenith,WO-130000274,72.76,60472.1,,4,5.024,geared,low,no
WT-13-000275,2026-07-24,Satara,North,MV-Atlas,WO-130000275,123.68,46367.3,3.37,3,3.391,direct_drive,high,no
WT-13-000276,2026-07-25,Jaisalmer,West,MV-Zenith,WO-130000276,33.06,58055.2,4.22,5,3.953,direct_drive,high,no
WT-13-000277,2026-07-26,Coimbatore,North,MV-Zenith,WO-130000277,31.71,18499.1,2.48,6,4.846,direct_drive,high,no
WT-13-000278,2026-07-27,Coimbatore,South,MV-Zenith,WO-130000278,29.51,66780.4,2.08,2,1.735,geared,extreme,no
WT-13-000279,2026-07-28,Jaisalmer,West,MV-Atlas,WO-130000279,82.25,34498.6,1.64,8,8.719,direct_drive,moderate,no
WT-13-000280,2026-07-01,Kutch,West,MV-Zenith,WO-130000280,44.54,67307.0,4.39,5,4.835,direct_drive,low,yes
WT-13-000281,2026-07-02,Coimbatore,West,MV-Nova,WO-130000281,63.25,77504.7,2.44,6,4.417,hybrid,moderate,no
WT-13-000282,2026-07-03,Tirunelveli,North,MV-Zenith,WO-130000282,80.17,10762.0,3.49,5,6.121,geared,extreme,yes
WT-13-000283,2026-07-04,Satara,West,MV-Atlas,WO-130000283,84.7,53590.8,2.82,0,7.196,direct_drive,moderate,no
WT-13-000284,2026-07-05,Kutch,South,MV-Atlas,WO-130000284,67.36,9448.1,3.38,3,7.901,hybrid,high,no
WT-13-000285,2026-07-06,Kutch,West,MV-Nova,WO-130000285,35.41,29851.8,5.4,3,5.191,geared,moderate,no
WT-13-000286,2026-07-07,Jaisalmer,North,MV-Zenith,WO-130000286,121.05,77590.6,4.96,3,4.879,geared,extreme,yes
WT-13-000287,2026-07-08,Kutch,North,MV-Zenith,WO-130000287,127.1,54257.0,4.21,3,6.886,geared,high,no
WT-13-000288,2026-07-09,Satara,West,MV-Nova,WO-130000288,89.15,58895.4,3.29,7,8.753,geared,moderate,yes
WT-13-000289,2026-07-10,Satara,West,MV-Nova,WO-130000289,54.33,40552.4,3.06,3,5.28,direct_drive,moderate,no
WT-13-000290,2026-07-11,Satara,North,MV-Nova,WO-130000290,143.93,32610.6,5.41,4,3.471,direct_drive,low,yes
WT-13-000291,2026-07-12,Kutch,North,MV-Zenith,WO-130000291,33.04,16698.5,1.55,0,8.455,hybrid,low,no
WT-13-000292,2026-07-13,Coimbatore,West,MV-Atlas,WO-130000292,129.07,52741.4,4.3,2,5.421,direct_drive,moderate,no
WT-13-000293,2026-07-14,Satara,West,MV-Nova,WO-130000293,97.04,76437.4,4.96,3,,direct_drive,high,no
WT-13-000294,2026-07-15,Satara,South,MV-Nova,WO-130000294,50.63,41444.2,3.2,3,6.484,geared,high,no
WT-13-000295,2026-07-16,Coimbatore,North,MV-Nova,WO-130000295,92.48,41220.5,2.18,2,2.018,geared,high,no
WT-13-000296,2026-07-17,Jaisalmer,West,MV-Atlas,WO-130000296,87.63,61113.1,1.87,6,8.719,direct_drive,moderate,no
WT-13-000297,2026-07-18,Kutch,North,MV-Atlas,WO-130000297,19.24,13366.2,5.02,5,7.015,hybrid,low,yes
WT-13-000298,2026-07-19,Coimbatore,West,MV-Zenith,WO-130000298,76.66,53303.4,3.4,2,4.461,direct_drive,high,no
WT-13-000299,2026-07-20,Satara,South,MV-Atlas,WO-130000299,115.66,72561.8,3.45,7,5.456,geared,low,yes
WT-13-000300,2026-07-21,Satara,North,MV-Atlas,WO-130000300,98.06,17128.8,4.96,0,2.473,geared,high,no
WT-13-000301,2026-07-22,Coimbatore,North,MV-Nova,WO-130000301,34.35,76819.1,4.43,2,6.213,hybrid,high,no
WT-13-000302,2026-07-23,Tirunelveli,North,MV-Zenith,WO-130000302,44.66,64661.0,1.81,0,,geared,high,no
WT-13-000303,2026-07-24,Satara,South,MV-Atlas,WO-130000303,105.59,72014.5,2.14,6,2.37,geared,moderate,no
WT-13-000304,2026-07-25,Jaisalmer,West,MV-Nova,WO-130000304,21.44,15747.3,5.16,2,5.3,direct_drive,extreme, YES 
WT-13-000305,2026-07-26,Satara,West,MV-Atlas,WO-130000305,105.04,43927.8,4.48,2,2.645,geared,high,no
WT-13-000306,2026-07-27,Jaisalmer,South,MV-Atlas,WO-130000306,85.28,61165.2,4.0,6,4.856,hybrid,moderate,no
WT-13-000307,2026-07-28,Jaisalmer,West,MV-Nova,WO-130000307,66.45,62920.5,4.69,7,4.491,direct_drive,moderate,yes
WT-13-000308,2026-07-01,Kutch,West,MV-Nova,WO-130000308,70.96,23906.1,4.86,2,5.115,geared,moderate,no
WT-13-000309,2026-07-02,Jaisalmer,West,MV-Zenith,WO-130000309,78.29,76581.6,1.75,2,6.049,geared, MODERATE ,yes
WT-13-000310,2026-07-03,Satara,North,MV-Zenith,WO-130000310,30.55,16409.0,2.31,7,4.707,direct_drive,high, NO 
WT-13-000311,2026-07-04,Kutch,North,MV-Nova,WO-130000311,134.84,57511.7,4.97,2,4.002,direct_drive,moderate,no
WT-13-000312,2026-07-05,Tirunelveli,South,MV-Atlas,WO-130000312,71.04,72771.3,2.67,6,3.931,direct_drive,high,no
WT-13-000313,2026-07-06,Satara,North,MV-Zenith,WO-130000313,101.55,66251.8,4.23,6,7.256,hybrid,moderate,yes
WT-13-000314,2026-07-07,Kutch,West,MV-Zenith,WO-130000314,31.11,70842.4,2.19,5,7.245,geared,extreme,no
WT-13-000315,2026-07-08,Tirunelveli,West,MV-Zenith,WO-130000315,128.75,39864.5,2.44,7,3.219,hybrid,moderate,yes
WT-13-000316,2026-07-09,Satara,North,MV-Zenith,WO-130000316,105.76,70320.8,2.64,6,4.332,direct_drive,low,no
WT-13-000317,2026-07-10,Tirunelveli,West,MV-Nova,WO-130000317,50.01,71335.2,5.21,1,4.762,geared,high,yes
WT-13-000318,2026-07-11,Jaisalmer,South,MV-Nova,WO-130000318,131.84,50662.4,4.67,5,3.433,geared,moderate,no
WT-13-000319,2026-07-12,Jaisalmer,West,MV-Nova,WO-130000319,128.64,53653.4,3.27,7,7.423,direct_drive,moderate,yes
WT-13-000320,2026-07-13,Kutch,North,MV-Nova,WO-130000320,76.22,12839.4,3.88,5,3.022,direct_drive,moderate,yes
WT-13-000321,2026-07-14,Tirunelveli,North,MV-Nova,WO-130000321,53.11,28194.9,2.34,6,2.419,hybrid,moderate,yes
WT-13-000322,2026-07-15,Satara,North,MV-Nova,WO-130000322,122.03,77503.9,2.02,3,1.99,direct_drive,moderate,no
WT-13-000323,2026-07-16,Tirunelveli,West,MV-Zenith,WO-130000323,18.57,54931.6,3.25,4,2.022,direct_drive,low,no
WT-13-000324,2026-07-17,Coimbatore,West,MV-Nova,WO-130000324,137.9,74336.2,3.42,8,4.761,geared,extreme,no
WT-13-000325,2026-07-18,Coimbatore,West,MV-Atlas,WO-130000325,139.33,64311.6,5.44,6,6.757,geared,low,no
WT-13-000326,2026-07-19,Kutch,West,MV-Zenith,WO-130000326,28.26,54999.9,2.79,6,4.206,direct_drive,extreme,no
WT-13-000327,2026-07-20,Kutch,West,MV-Atlas,WO-130000327,136.81,34729.4,4.71,3,5.838,direct_drive,moderate,yes
WT-13-000328,2026-07-21,Jaisalmer,North,MV-Atlas,WO-130000328,53.74,47303.0,4.13,5,2.217,geared,low,no
WT-13-000329,2026-07-22,Coimbatore,West,MV-Nova,WO-130000329,120.38,26553.8,2.25,0,3.099,hybrid,moderate,yes
WT-13-000330,2026-07-23,Kutch,West,MV-Atlas,WO-130000330,126.94,23268.3,3.02,1,1.671,geared,moderate,no
WT-13-000331,2026-07-24,Coimbatore,South,MV-Atlas,WO-130000331,40.45,44809.5,2.59,5,6.715,geared,moderate,no
WT-13-000332,2026-07-25,Tirunelveli,South,MV-Zenith,WO-130000332,61.1,43539.5,3.88,8,5.455,geared,moderate,no
WT-13-000333,2026-07-26,Tirunelveli,North,MV-Atlas,WO-130000333,138.56,62525.1,1.57,1,4.099,direct_drive,high,yes
WT-13-000334,2026-07-27,Coimbatore,West,MV-Zenith,WO-130000334,116.82,58523.8,3.64,3,8.795,geared,moderate,yes
WT-13-000335,2026-07-28,Satara,South,MV-Nova,WO-130000335,106.47,34412.9,4.96,7,5.306,hybrid,moderate,yes
WT-13-000336,2026-07-01,Kutch,West,MV-Zenith,WO-130000336,47.53,25954.1,3.92,4,6.361,geared,moderate,yes
WT-13-000337,2026-07-02,Kutch,West,MV-Nova,WO-130000337,110.29,54580.9,2.77,1,5.363,hybrid,moderate,no
WT-13-000338,2026-07-03,Tirunelveli,South,MV-Nova,WO-130000338,22.96,22174.1,4.1,2,5.349,hybrid,high,no
WT-13-000339,2026-07-04,Coimbatore,South,MV-Nova,WO-130000339,51.27,29581.0,2.91,5,6.029,geared,moderate,no
WT-13-000340,2026-07-05,Coimbatore,North,MV-Nova,WO-130000340,49.41,43831.1,3.95,6,5.07,geared,moderate,yes
WT-13-000341,2026-07-06,Jaisalmer,South,MV-Nova,WO-130000341,25.2,61620.6,,0,3.642,geared,moderate,no
WT-13-000342,2026-07-07,Coimbatore,West,MV-Zenith,WO-130000342,77.07,36516.9,3.28,7,,geared,moderate,no
WT-13-000343,2026-07-08,Satara,West,MV-Nova,WO-130000343,22.2,33113.8,4.85,7,6.595,direct_drive,moderate,no
WT-13-000344,2026-07-09,Tirunelveli,West,MV-Zenith,WO-130000344,142.05,56694.8,2.92,8,5.541,direct_drive,moderate,yes
WT-13-000345,2026-07-10,Jaisalmer,West,MV-Atlas,WO-130000345,79.44,58862.4,5.18,8,5.474,hybrid,extreme,yes
WT-13-000346,2026-07-11,Kutch,South,MV-Zenith,WO-130000346,115.37,49482.0,2.69,5,1.919,geared,extreme,yes
WT-13-000347,2026-07-12,Kutch,North,MV-Atlas,WO-130000347,84.71,62358.8,5.42,6,8.61,geared,extreme,no
WT-13-000348,2026-07-13,Jaisalmer,West,MV-Nova,WO-130000348,33.52,38607.8,2.2,8,2.799,geared,high,yes
WT-13-000349,2026-07-14,Kutch,West,MV-Zenith,WO-130000349,74.9,74137.3,2.38,0,3.56,geared,high,no
WT-13-000350,2026-07-15,Tirunelveli,North,MV-Nova,WO-130000350,18.95,52909.4,3.9,0,6.795,geared,moderate,no
WT-13-000351,2026-07-16,Tirunelveli,West,MV-Atlas,WO-130000351,55.79,26159.1,3.11,1,4.564,hybrid,moderate,no
WT-13-000352,2026-07-17,Jaisalmer,North,MV-Zenith,WO-130000352,98.03,24492.7,1.93,1,4.386,geared,moderate,no
WT-13-000353,2026-07-18,Jaisalmer,North,MV-Nova,WO-130000353,40.7,57822.0,2.73,1,6.649,hybrid,moderate,no
WT-13-000354,2026-07-19,Tirunelveli,North,MV-Nova,WO-130000354,133.54,12023.9,2.3,1,7.109,direct_drive,high,no
WT-13-000355,2026-07-20,Jaisalmer,South,MV-Zenith,WO-130000355,97.98,45626.3,1.65,8,7.657,geared,moderate,no
WT-13-000356,2026-07-21,Jaisalmer,North,MV-Nova,WO-130000356,21.21,56061.8,2.15,4,3.82,direct_drive,moderate,no
WT-13-000357,2026-07-22,Coimbatore,South,MV-Nova,WO-130000357,72.08,37966.6,5.28,1,8.799,direct_drive,low,no
WT-13-000358,2026-07-23,Kutch,South,MV-Zenith,WO-130000358,130.88,73012.9,3.63,4,2.928,geared,high,no
WT-13-000359,2026-07-24,Kutch,North,MV-Nova,WO-130000359,50.27,67019.3,4.17,1,6.452,hybrid,low,no
WT-13-000360,2026-07-25,Jaisalmer,South,MV-Atlas,WO-130000360,33.06,46947.0,1.67,3,7.715,direct_drive,moderate,no
WT-13-000361,2026-07-26,Satara,West,MV-Atlas,WO-130000361,52.84,42477.7,2.93,1,1.509,geared,moderate,no
WT-13-000362,2026-07-27,Kutch,West,MV-Atlas,WO-130000362,79.07,53923.7,3.71,0,4.24,hybrid,moderate,yes
WT-13-000363,2026-07-28,Satara,West,MV-Atlas,WO-130000363,67.62,58639.7,3.83,4,4.485,geared,low,yes
WT-13-000364,2026-07-01,Jaisalmer,South,MV-Nova,WO-130000364,48.67,67691.2,5.21,6,3.728,direct_drive,high,no
WT-13-000365,2026-07-02,Coimbatore,South,MV-Atlas,WO-130000365,76.63,30640.1,4.14,0,7.362,direct_drive,extreme,no
WT-13-000366,2026-07-03,Jaisalmer,North,MV-Atlas,WO-130000366,79.04,33073.9,5.24,5,6.511,geared,high,no
WT-13-000367,2026-07-04,Jaisalmer,South,MV-Nova,WO-130000367,106.03,47358.1,4.05,3,2.423,geared,moderate,no
WT-13-000368,2026-07-05,Kutch,North,MV-Nova,WO-130000368,143.7,59796.2,2.53,2,7.16,direct_drive,extreme,no
WT-13-000369,2026-07-06,Kutch,South,MV-Nova,WO-130000369,97.88,52304.8,1.78,8,2.454,hybrid,low,yes
WT-13-000370,2026-07-07,Jaisalmer,West,MV-Zenith,WO-130000370,27.88,75992.5,5.29,3,2.288,direct_drive,low,no
WT-13-000371,2026-07-08,Satara,South,MV-Nova,WO-130000371,37.06,44482.7,1.75,5,5.991,direct_drive,moderate,yes
WT-13-000372,2026-07-09,Jaisalmer,North,MV-Nova,WO-130000372,55.8,38380.3,2.77,5,3.376,geared,moderate,no
WT-13-000373,2026-07-10,Jaisalmer,North,MV-Atlas,WO-130000373,136.52,55598.6,3.23,1,4.567,geared,low,no
WT-13-000374,2026-07-11,Tirunelveli,South,MV-Atlas,WO-130000374,26.07,77622.6,3.67,2,1.272,direct_drive,moderate,yes
WT-13-000375,2026-07-12,Tirunelveli,South,MV-Atlas,WO-130000375,100.0,55517.0,4.65,2,8.568,geared,moderate,yes
WT-13-000376,2026-07-13,Satara,West,MV-Nova,WO-130000376,69.03,47994.3,3.46,3,1.343,hybrid,high,yes
WT-13-000377,2026-07-14,Jaisalmer,West,MV-Atlas,WO-130000377,48.92,48908.6,5.09,5,3.484,geared,extreme,no
WT-13-000378,2026-07-15,Kutch,South,MV-Nova,WO-130000378,98.9,10486.5,3.38,5,1.757,geared,moderate,yes
WT-13-000379,2026-07-16,Coimbatore,South,MV-Zenith,WO-130000379,113.39,10656.2,3.37,8,7.32,direct_drive,moderate,yes
WT-13-000380,2026-07-17,Coimbatore,North,MV-Nova,WO-130000380,115.09,47097.1,5.31,2,6.047,direct_drive,extreme,yes
WT-13-000381,2026-07-18,Jaisalmer,North,MV-Nova,WO-130000381,45.3,24345.2,4.93,7,1.445, HYBRID ,moderate,no
WT-13-000382,2026-07-19,Satara,North,MV-Atlas,WO-130000382,42.23,61152.4,3.04,2,7.891,direct_drive,low,no
WT-13-000383,2026-07-20,Satara,North,MV-Nova,WO-130000383,42.07,47826.9,3.5,1,2.605,geared,extreme,no
WT-13-000384,2026-07-21,Tirunelveli,South,MV-Atlas,WO-130000384,46.05,64383.6,,4,4.343,direct_drive,moderate,no
WT-13-000385,2026-07-22,Kutch,North,MV-Nova,WO-130000385,45.16,60369.7,2.61,6,4.912,geared,high,no
WT-13-000386,2026-07-23,Jaisalmer,South,MV-Nova,WO-130000386,83.87,41282.1,3.95,8,3.513,direct_drive,high,no
WT-13-000387,2026-07-24,Tirunelveli,South,MV-Nova,WO-130000387,57.86,65497.1,2.3,2,2.178,direct_drive,moderate,no
WT-13-000388,2026-07-25,Kutch,North,MV-Atlas,WO-130000388,96.04,31854.9,4.48,5,4.75,geared,extreme,yes
WT-13-000389,2026-07-26,Kutch,South,MV-Atlas,WO-130000389,140.42,66306.1,5.12,4,5.336,direct_drive,moderate,no
WT-13-000390,2026-07-27,Kutch,West,MV-Atlas,WO-130000390,117.77,47479.0,3.01,7,5.645,geared,moderate,no
WT-13-000391,2026-07-28,Coimbatore,South,MV-Zenith,WO-130000391,29.32,72063.2,1.55,3,1.928,geared,moderate,yes
WT-13-000392,2026-07-01,Satara,South,MV-Nova,WO-130000392,137.06,47824.4,3.48,0,2.443,geared,moderate,no
WT-13-000393,2026-07-02,Jaisalmer,West,MV-Atlas,WO-130000393,66.83,31107.2,5.17,0,5.282,geared,moderate,no
WT-13-000394,2026-07-03,Kutch,South,MV-Zenith,WO-130000394,40.31,69230.0,5.33,8,,geared,extreme,no
WT-13-000395,2026-07-04,Satara,West,MV-Nova,WO-130000395,48.85,62288.1,4.09,6,5.354,geared,low,no
WT-13-000396,2026-07-05,Coimbatore,West,MV-Nova,WO-130000396,25.02,66327.5,4.89,6,3.888,direct_drive,moderate,no
WT-13-000397,2026-07-06,Satara,North,MV-Atlas,WO-130000397,53.59,47831.1,3.74,3,5.896,geared,low,no
WT-13-000398,2026-07-07,Tirunelveli,South,MV-Atlas,WO-130000398,77.13,68494.7,2.24,1,3.323,geared,extreme,no
WT-13-000399,2026-07-08,Jaisalmer,North,MV-Atlas,WO-130000399,31.32,20959.1,4.01,4,4.529,hybrid,high,yes
WT-13-000400,2026-07-09,Tirunelveli,West,MV-Nova,WO-130000400,139.8,42392.0,3.08,0,5.79,geared,low,no
WT-13-000401,2026-07-10,Satara,North,MV-Atlas,WO-130000401,71.77,16095.7,5.43,1,7.138,hybrid,moderate,no
WT-13-000402,2026-07-11,Jaisalmer,South,MV-Zenith,WO-130000402,85.77,59853.8,5.27,4,7.801,direct_drive,moderate, NO 
WT-13-000403,2026-07-12,Kutch,West,MV-Nova,WO-130000403,58.0,26978.0,5.47,5,6.059,geared, LOW ,no
WT-13-000404,2026-07-13,Coimbatore,South,MV-Nova,WO-130000404,132.0,38470.6,4.79,2,5.476,geared,moderate,yes
WT-13-000405,2026-07-14,Jaisalmer,South,MV-Atlas,WO-130000405,125.87,39456.2,4.53,5,4.845,geared,extreme,yes
WT-13-000406,2026-07-15,Satara,West,MV-Zenith,WO-130000406,78.81,35298.7,3.35,8,3.962,geared,moderate,yes
WT-13-000407,2026-07-16,Jaisalmer,West,MV-Atlas,WO-130000407,18.13,39016.5,3.36,6,8.409,geared,high,yes
WT-13-000408,2026-07-17,Tirunelveli,North,MV-Zenith,WO-130000408,101.0,50127.6,5.37,6,1.267,geared,high,yes
WT-13-000409,2026-07-18,Coimbatore,South,MV-Atlas,WO-130000409,60.22,29012.2,4.95,0,8.175,geared,low,no
WT-13-000410,2026-07-19,Satara,South,MV-Zenith,WO-130000410,35.49,33256.0,2.84,7,6.649,geared,moderate,no
WT-13-000411,2026-07-20,Kutch,West,MV-Zenith,WO-130000411,76.44,18555.8,2.52,5,2.401,geared,moderate,yes
WT-13-000412,2026-07-21,Tirunelveli,South,MV-Zenith,WO-130000412,109.86,20948.6,3.63,0,,hybrid,moderate,yes
WT-13-000413,2026-07-22,Jaisalmer,South,MV-Zenith,WO-130000413,101.27,16471.6,2.46,0,8.722,direct_drive,high,yes
WT-13-000414,2026-07-23,Tirunelveli,North,MV-Nova,WO-130000414,30.38,33258.9,4.9,6,6.092,geared,moderate,no
WT-13-000415,2026-07-24,Kutch,South,MV-Zenith,WO-130000415,133.09,16686.6,5.32,4,3.609,geared, EXTREME ,no
WT-13-000416,2026-07-25,Kutch,South,MV-Atlas,WO-130000416,78.66,22331.7,2.85,4,7.887,geared,extreme,no
WT-13-000417,2026-07-26,Tirunelveli,West,MV-Zenith,WO-130000417,132.28,72650.2,,4,1.422,hybrid,low, YES 
WT-13-000418,2026-07-27,Tirunelveli,West,MV-Atlas,WO-130000418,70.87,50248.2,4.11,5,2.153,geared, MODERATE ,no
WT-13-000419,2026-07-28,Kutch,South,MV-Zenith,WO-130000419,132.3,57094.1,3.52,5,7.45,geared,low,no
WT-13-000420,2026-07-01,Tirunelveli,South,MV-Atlas,WO-130000420,124.22,66076.3,1.63,1,4.874,direct_drive,moderate,no
WT-13-000421,2026-07-02,Tirunelveli,South,MV-Atlas,WO-130000421,22.68,19179.4,3.39,2,7.217,geared,high,yes
WT-13-000422,2026-07-03,Kutch,North,MV-Zenith,WO-130000422,129.79,32213.7,2.48,5,3.625,direct_drive,moderate,yes
WT-13-000423,2026-07-04,Coimbatore,South,MV-Atlas,WO-130000423,103.77,40294.6,1.74,8,6.042,geared,moderate,yes
WT-13-000424,2026-07-05,Tirunelveli,North,MV-Atlas,WO-130000424,91.23,70174.4,2.82,6,3.383,geared,moderate,yes
WT-13-000425,2026-07-06,Coimbatore,South,MV-Zenith,WO-130000425,18.33,53280.6,1.51,8,5.191,hybrid,low,no
WT-13-000426,2026-07-07,Coimbatore,North,MV-Zenith,WO-130000426,97.62,63141.1,5.2,2,6.941,geared,moderate,yes
WT-13-000427,2026-07-08,Satara,North,MV-Zenith,WO-130000427,98.96,46689.2,1.74,8,1.23,direct_drive,moderate,yes
WT-13-000428,2026-07-09,Kutch,West,MV-Atlas,WO-130000428,127.02,31227.6,3.54,1,7.303,direct_drive,high,no
WT-13-000429,2026-07-10,Jaisalmer,North,MV-Atlas,WO-130000429,67.51,45753.0,5.06,3,4.787,geared,moderate,no
WT-13-000430,2026-07-11,Satara,South,MV-Zenith,WO-130000430,25.91,26924.7,1.78,0,6.698,geared,high,no
WT-13-000431,2026-07-12,Tirunelveli,North,MV-Zenith,WO-130000431,110.8,60481.9,2.67,1,5.329,geared,moderate,no
WT-13-000432,2026-07-13,Coimbatore,North,MV-Zenith,WO-130000432,64.3,53583.1,3.74,7,3.406,hybrid,extreme,no
WT-13-000433,2026-07-14,Kutch,West,MV-Zenith,WO-130000433,59.32,29973.0,2.18,1,3.563,direct_drive,high,yes
WT-13-000434,2026-07-15,Jaisalmer,West,MV-Nova,WO-130000434,102.72,52647.8,4.19,3,3.326,direct_drive,moderate,no
WT-13-000435,2026-07-16,Tirunelveli,North,MV-Nova,WO-130000435,23.05,21417.2,2.0,2,5.795,geared,moderate, NO 
WT-13-000436,2026-07-17,Tirunelveli,West,MV-Atlas,WO-130000436,21.93,65069.2,2.52,2,1.311,geared,moderate,no
WT-13-000437,2026-07-18,Satara,South,MV-Atlas,WO-130000437,140.85,19510.3,,2,1.841,hybrid,moderate, NO 
WT-13-000438,2026-07-19,Coimbatore,North,MV-Zenith,WO-130000438,127.72,44141.7,5.45,4,3.259,direct_drive,high,no
WT-13-000439,2026-07-20,Tirunelveli,North,MV-Nova,WO-130000439,118.81,36395.8,2.59,4,8.731,direct_drive,extreme,no
WT-13-000440,2026-07-21,Satara,North,MV-Atlas,WO-130000440,78.85,14242.6,4.76,7,7.841, DIRECT_DRIVE ,extreme,yes
WT-13-000441,2026-07-22,Kutch,South,MV-Nova,WO-130000441,66.97,43981.8,2.78,7,5.356,geared,low,yes
WT-13-000442,2026-07-23,Kutch,South,MV-Nova,WO-130000442,41.18,9022.4,2.24,1,6.737,hybrid,low,yes
WT-13-000443,2026-07-24,Satara,South,MV-Nova,WO-130000443,22.05,9938.9,1.87,6,7.768, HYBRID ,moderate,no
WT-13-000444,2026-07-25,Tirunelveli,North,MV-Zenith,WO-130000444,118.16,27476.3,5.03,6,5.521,geared,moderate,no
WT-13-000445,2026-07-26,Jaisalmer,North,MV-Zenith,WO-130000445,50.05,,3.12,7,8.631,direct_drive,moderate,no
WT-13-000446,2026-07-27,Tirunelveli,North,MV-Atlas,WO-130000446,112.47,9964.2,3.67,0,6.026,geared,high,no
WT-13-000447,2026-07-28,Satara,West,MV-Nova,WO-130000447,25.47,19333.7,5.41,8,8.575,direct_drive,moderate,no
WT-13-000448,2026-07-01,Satara,North,MV-Atlas,WO-130000448,48.86,26273.0,5.01,5,3.788,geared,moderate,no
WT-13-000449,2026-07-02,Jaisalmer,North,MV-Zenith,WO-130000449,72.02,56058.9,5.31,8,7.05,geared,moderate,no
WT-13-000450,2026-07-03,Tirunelveli,West,MV-Zenith,WO-130000450,65.48,50995.6,5.28,5,8.766,geared,low,no
WT-13-000451,2026-07-04,Tirunelveli,South,MV-Atlas,WO-130000451,44.06,71338.1,2.56,8,6.793, GEARED ,moderate,no
WT-13-000452,2026-07-05,Tirunelveli,West,MV-Atlas,WO-130000452,115.84,41077.9,4.07,4,7.797,geared,high,yes
WT-13-000453,2026-07-06,Satara,North,MV-Zenith,WO-130000453,26.93,35956.3,5.29,3,5.05,geared,low,yes
WT-13-000454,2026-07-07,Coimbatore,North,MV-Atlas,WO-130000454,95.04,73093.0,3.17,7,5.513,direct_drive,moderate,no
WT-13-000455,2026-07-08,Jaisalmer,South,MV-Zenith,WO-130000455,88.9,38319.2,5.42,0,7.175,direct_drive,moderate,yes
WT-13-000456,2026-07-09,Jaisalmer,West,MV-Atlas,WO-130000456,83.77,22591.3,3.22,3,3.101,geared,moderate,no
WT-13-000457,2026-07-10,Tirunelveli,South,MV-Atlas,WO-130000457,40.87,19746.9,4.73,4,2.989,direct_drive,moderate,yes
WT-13-000458,2026-07-11,Coimbatore,South,MV-Zenith,WO-130000458,99.84,20788.9,5.41,4,7.961,direct_drive,moderate,no
WT-13-000459,2026-07-12,Kutch,West,MV-Nova,WO-130000459,108.45,46248.1,4.07,5,2.915,hybrid,high,yes
WT-13-000460,2026-07-13,Coimbatore,West,MV-Zenith,WO-130000460,89.43,35416.0,4.62,0,5.344,hybrid,extreme,yes
WT-13-000461,2026-07-14,Jaisalmer,West,MV-Atlas,WO-130000461,91.21,11355.7,5.26,3,8.558,direct_drive,extreme,no
WT-13-000462,2026-07-15,Kutch,North,MV-Zenith,WO-130000462,86.7,36311.2,5.12,2,8.395,geared,moderate,no
WT-13-000463,2026-07-16,Satara,South,MV-Atlas,WO-130000463,72.7,10586.1,4.48,4,8.639,geared,moderate,yes
WT-13-000464,2026-07-17,Jaisalmer,West,MV-Nova,WO-130000464,90.72,57960.7,4.93,6,5.88,geared,extreme,no
WT-13-000465,2026-07-18,Coimbatore,West,MV-Zenith,WO-130000465,83.02,54105.3,4.75,1,8.68,direct_drive,moderate,yes
WT-13-000466,2026-07-19,Satara,West,MV-Atlas,WO-130000466,54.0,60183.0,2.49,2,4.194,geared,moderate,yes
WT-13-000467,2026-07-20,Satara,West,MV-Zenith,WO-130000467,124.71,71066.1,4.23,2,5.118,geared,high,yes
WT-13-000468,2026-07-21,Coimbatore,West,MV-Nova,WO-130000468,61.07,55930.6,2.91,3,4.661,hybrid,high,no
WT-13-000469,2026-07-22,Tirunelveli,North,MV-Atlas,WO-130000469,30.63,13483.4,2.45,6,8.528,hybrid,extreme,no
WT-13-000470,2026-07-23,Coimbatore,West,MV-Atlas,WO-130000470,96.9,16627.0,3.35,6,8.019,direct_drive,low,yes
WT-13-000471,2026-07-24,Coimbatore,North,MV-Nova,WO-130000471,125.93,63980.6,5.45,5,7.599, GEARED ,moderate,no
WT-13-000472,2026-07-25,Coimbatore,South,MV-Nova,WO-130000472,32.19,38237.8,1.75,0,2.079,geared,moderate,no
WT-13-000473,2026-07-26,Satara,North,MV-Atlas,WO-130000473,21.63,72406.9,3.86,1,8.095,geared,moderate,yes
WT-13-000474,2026-07-27,Jaisalmer,West,MV-Atlas,WO-130000474,58.24,12402.5,1.79,2,2.391,direct_drive,extreme,no
WT-13-000475,2026-07-28,Kutch,South,MV-Nova,WO-130000475,52.24,68443.7,5.12,3,3.265,geared,extreme,no
WT-13-000476,2026-07-01,Coimbatore,North,MV-Nova,WO-130000476,37.55,11109.3,,1,5.634,direct_drive,moderate,no
WT-13-000477,2026-07-02,Kutch,North,MV-Nova,WO-130000477,53.02,61785.1,5.5,6,5.619,geared,moderate,no
WT-13-000478,2026-07-03,Satara,West,MV-Atlas,WO-130000478,71.48,28213.7,4.38,7,3.989,geared,low,yes
WT-13-000479,2026-07-04,Kutch,North,MV-Zenith,WO-130000479,45.98,55172.7,2.17,7,3.157,direct_drive,moderate,yes
WT-13-000480,2026-07-05,Satara,West,MV-Atlas,WO-130000480,84.97,9462.2,4.94,2,4.777,direct_drive,extreme,no
WT-13-000481,2026-07-06,Coimbatore,North,MV-Atlas,WO-130000481,69.46,21690.6,1.69,0,3.663,geared,moderate,no
WT-13-000482,2026-07-07,Jaisalmer,South,MV-Zenith,WO-130000482,67.74,56187.6,2.21,4,6.844,direct_drive,high,no
WT-13-000483,2026-07-08,Jaisalmer,North,MV-Nova,WO-130000483,31.93,27049.3,3.43,2,3.112,hybrid,low,no
WT-13-000484,2026-07-09,Satara,South,MV-Nova,WO-130000484,113.19,14736.6,2.45,5,8.032,geared, LOW ,yes
WT-13-000485,2026-07-10,Tirunelveli,North,MV-Nova,WO-130000485,96.13,37533.9,3.84,2,5.337,hybrid,low,no
WT-13-000486,2026-07-11,Kutch,West,MV-Zenith,WO-130000486,88.05,57852.8,4.36,5,2.105,direct_drive,moderate,no
WT-13-000487,2026-07-12,Kutch,West,MV-Zenith,WO-130000487,57.27,41070.3,3.34,5,,geared,low,no
WT-13-000488,2026-07-13,Coimbatore,West,MV-Nova,WO-130000488,143.7,12048.2,2.83,2,7.229,geared,high,no
WT-13-000489,2026-07-14,Kutch,North,MV-Nova,WO-130000489,110.29,76661.5,1.81,6,6.356,hybrid,moderate,no
WT-13-000490,2026-07-15,Jaisalmer,West,MV-Nova,WO-130000490,122.82,10213.4,2.63,8,4.919,geared,moderate,no
WT-13-000491,2026-07-16,Kutch,North,MV-Atlas,WO-130000491,88.4,49335.1,4.37,0,3.96,direct_drive,high,yes
WT-13-000492,2026-07-17,Coimbatore,West,MV-Atlas,WO-130000492,95.87,40185.9,2.03,4,6.218,geared,high,no
WT-13-000493,2026-07-18,Satara,West,MV-Atlas,WO-130000493,105.09,48668.9,1.86,7,5.349,hybrid,high,no
WT-13-000494,2026-07-19,Satara,North,MV-Atlas,WO-130000494,53.48,66147.8,2.86,8,6.196,direct_drive,moderate,no
WT-13-000495,2026-07-20,Satara,North,MV-Nova,WO-130000495,50.16,41704.5,2.01,7,8.582,hybrid,extreme,no
WT-13-000496,2026-07-21,Kutch,South,MV-Zenith,WO-130000496,114.67,13596.3,1.89,1,5.714,direct_drive,high,yes
WT-13-000497,2026-07-22,Kutch,South,MV-Atlas,WO-130000497,57.71,56178.9,3.72,0,6.244,direct_drive,low,no
WT-13-000498,2026-07-23,Tirunelveli,North,MV-Nova,WO-130000498,21.51,25243.5,4.63,8,7.6, HYBRID ,moderate,no
WT-13-000499,2026-07-24,Tirunelveli,West,MV-Atlas,WO-130000499,76.14,40152.3,1.95,6,1.739,geared,moderate,no
WT-13-000500,2026-07-25,Kutch,South,MV-Zenith,WO-130000500,126.53,18320.8,4.99,8,1.201, DIRECT_DRIVE ,moderate,no
WT-13-000501,2026-07-26,Satara,South,MV-Nova,WO-130000501,71.29,19237.5,1.84,2,6.016,direct_drive,moderate,yes
WT-13-000502,2026-07-27,Tirunelveli,South,MV-Zenith,WO-130000502,88.95,38006.8,1.76,8,5.964,direct_drive,high,no
WT-13-000503,2026-07-28,Tirunelveli,West,MV-Zenith,WO-130000503,131.57,28474.9,5.04,4,5.842,direct_drive,high, YES 
WT-13-000504,2026-07-01,Tirunelveli,South,MV-Zenith,WO-130000504,37.04,26051.8,2.87,0,4.342,hybrid,extreme,yes
WT-13-000505,2026-07-02,Kutch,West,MV-Nova,WO-130000505,41.22,73357.3,,0,6.745,geared,high,no
WT-13-000506,2026-07-03,Coimbatore,North,MV-Nova,WO-130000506,20.26,51384.3,3.03,2,6.496,geared,high,no
WT-13-000507,2026-07-04,Jaisalmer,West,MV-Atlas,WO-130000507,62.8,18657.6,1.94,4,7.948,geared,high,yes
WT-13-000508,2026-07-05,Jaisalmer,West,MV-Zenith,WO-130000508,34.26,10667.9,3.66,4,6.162,direct_drive,low,no
WT-13-000509,2026-07-06,Jaisalmer,South,MV-Nova,WO-130000509,90.24,11684.4,4.45,5,8.438,geared,moderate,no
WT-13-000510,2026-07-07,Tirunelveli,West,MV-Nova,WO-130000510,59.96,24648.9,3.75,8,3.988,hybrid,moderate,no
WT-13-000511,2026-07-08,Coimbatore,South,MV-Nova,WO-130000511,29.33,60512.8,2.71,1,1.415,geared,moderate,no
WT-13-000512,2026-07-09,Satara,North,MV-Atlas,WO-130000512,109.63,61990.9,4.45,8,5.472,direct_drive,moderate,no
WT-13-000513,2026-07-10,Jaisalmer,West,MV-Nova,WO-130000513,113.33,47930.1,5.07,3,7.63,geared,moderate,no
WT-13-000514,2026-07-11,Coimbatore,North,MV-Zenith,WO-130000514,132.48,31647.1,4.23,2,3.875,geared,moderate,no
WT-13-000515,2026-07-12,Satara,North,MV-Zenith,WO-130000515,62.73,66442.8,5.1,0,1.828,direct_drive,low,no
WT-13-000516,2026-07-13,Satara,North,MV-Atlas,WO-130000516,86.55,55205.3,3.55,6,8.653,geared,high,no
WT-13-000517,2026-07-14,Coimbatore,North,MV-Nova,WO-130000517,98.49,,3.72,6,7.584,geared,moderate,yes
WT-13-000518,2026-07-15,Kutch,North,MV-Zenith,WO-130000518,128.36,48491.1,4.7,8,5.203,geared,low,no
WT-13-000519,2026-07-16,Coimbatore,North,MV-Nova,WO-130000519,137.03,70615.9,2.01,4,1.925,direct_drive,moderate,no
WT-13-000520,2026-07-17,Coimbatore,North,MV-Zenith,WO-130000520,60.14,36278.0,3.92,4,6.398,direct_drive,moderate,yes
WT-13-000521,2026-07-18,Jaisalmer,South,MV-Nova,WO-130000521,45.25,66070.8,3.36,8,6.505,hybrid,high,no
WT-13-000522,2026-07-19,Coimbatore,North,MV-Zenith,WO-130000522,52.8,70116.9,2.69,5,3.94,geared,high,no
WT-13-000523,2026-07-20,Jaisalmer,South,MV-Atlas,WO-130000523,51.04,9714.3,4.61,2,3.848,geared,moderate,no
WT-13-000524,2026-07-21,Coimbatore,North,MV-Zenith,WO-130000524,115.59,,2.91,5,2.773,hybrid,moderate,no
WT-13-000525,2026-07-22,Kutch,South,MV-Atlas,WO-130000525,96.38,62074.6,4.99,8,7.892,direct_drive,extreme,yes
WT-13-000526,2026-07-23,Jaisalmer,South,MV-Nova,WO-130000526,33.09,32393.0,3.72,5,7.15,geared,moderate,no
WT-13-000527,2026-07-24,Tirunelveli,North,MV-Nova,WO-130000527,96.87,16481.3,5.37,5,6.877,direct_drive, MODERATE ,no
WT-13-000528,2026-07-25,Coimbatore,West,MV-Atlas,WO-130000528,101.38,50856.1,2.69,8,7.161,geared,low,no
WT-13-000529,2026-07-26,Jaisalmer,North,MV-Zenith,WO-130000529,80.11,69566.4,2.06,8,8.636,hybrid,moderate,no
WT-13-000530,2026-07-27,Tirunelveli,North,MV-Zenith,WO-130000530,110.76,28758.6,3.48,5,2.419,geared,extreme,no
WT-13-000531,2026-07-28,Satara,South,MV-Nova,WO-130000531,26.98,58961.6,2.31,7,7.785,direct_drive,high,no
WT-13-000532,2026-07-01,Satara,South,MV-Nova,WO-130000532,104.87,70132.1,2.27,3,3.986,geared,high,no
WT-13-000533,2026-07-02,Satara,West,MV-Atlas,WO-130000533,25.21,43933.6,4.64,4,3.675,direct_drive,high,no
WT-13-000534,2026-07-03,Satara,South,MV-Zenith,WO-130000534,125.79,63364.1,2.81,0,8.107,geared,extreme,no
WT-13-000535,2026-07-04,Kutch,South,MV-Zenith,WO-130000535,85.3,43345.3,2.97,1,6.554,direct_drive,moderate,yes
WT-13-000536,2026-07-05,Coimbatore,West,MV-Atlas,WO-130000536,124.1,40367.5,5.33,8,7.426,hybrid,low,yes
WT-13-000537,2026-07-06,Kutch,North,MV-Nova,WO-130000537,36.41,48855.4,1.84,7,7.673,direct_drive,low,yes
WT-13-000538,2026-07-07,Jaisalmer,North,MV-Nova,WO-130000538,43.2,36235.4,3.22,5,4.066,geared,high,no
WT-13-000539,2026-07-08,Jaisalmer,West,MV-Atlas,WO-130000539,123.24,62937.0,5.16,2,4.228,geared,high,no
WT-13-000540,2026-07-09,Jaisalmer,North,MV-Nova,WO-130000540,29.28,52254.0,3.86,3,6.442,geared,extreme,yes
WT-13-000541,2026-07-10,Satara,West,MV-Nova,WO-130000541,58.49,51788.6,2.57,5,2.638,geared,low,yes
WT-13-000542,2026-07-11,Satara,North,MV-Nova,WO-130000542,116.45,61617.4,2.42,0,3.01,geared,extreme,yes
WT-13-000543,2026-07-12,Kutch,West,MV-Atlas,WO-130000543,125.73,33716.7,3.62,7,5.204,hybrid,high,no
WT-13-000544,2026-07-13,Jaisalmer,South,MV-Atlas,WO-130000544,35.64,47817.6,4.64,8,5.186,hybrid,moderate,no
WT-13-000545,2026-07-14,Satara,West,MV-Zenith,WO-130000545,26.19,60141.9,5.12,0,5.765,geared,moderate,no
WT-13-000546,2026-07-15,Jaisalmer,West,MV-Zenith,WO-130000546,97.21,65228.1,2.63,3,1.976,geared, MODERATE ,no
WT-13-000547,2026-07-16,Jaisalmer,North,MV-Atlas,WO-130000547,45.65,54198.1,4.48,4,6.55,direct_drive,high,yes
WT-13-000548,2026-07-17,Kutch,South,MV-Nova,WO-130000548,55.21,18938.5,1.87,5,2.916,hybrid,high,no
WT-13-000549,2026-07-18,Jaisalmer,South,MV-Atlas,WO-130000549,24.73,41957.6,3.96,4,5.535,hybrid,high,no
WT-13-000550,2026-07-19,Satara,West,MV-Atlas,WO-130000550,62.63,12590.4,1.85,3,3.724,direct_drive,extreme,no
WT-13-000551,2026-07-20,Coimbatore,West,MV-Nova,WO-130000551,120.42,24933.7,4.02,1,1.246,geared,high,yes
WT-13-000552,2026-07-21,Coimbatore,West,MV-Atlas,WO-130000552,90.61,17213.2,4.53,7,5.266,geared,moderate,no
WT-13-000553,2026-07-22,Satara,North,MV-Nova,WO-130000553,21.75,,1.75,5,7.437,hybrid,moderate,no
WT-13-000554,2026-07-23,Jaisalmer,North,MV-Nova,WO-130000554,27.39,18897.4,4.58,0,3.794,hybrid,moderate,no
WT-13-000555,2026-07-24,Jaisalmer,West,MV-Atlas,WO-130000555,130.28,16254.6,2.77,4,1.722,geared,low,no
WT-13-000556,2026-07-25,Satara,South,MV-Atlas,WO-130000556,97.62,58380.7,4.69,3,4.652,geared,low,no
WT-13-000557,2026-07-26,Satara,West,MV-Atlas,WO-130000557,40.18,37818.7,3.6,2,4.344,geared,low,yes
WT-13-000558,2026-07-27,Kutch,West,MV-Nova,WO-130000558,95.93,31144.0,2.21,8,6.778,geared,low,no
WT-13-000559,2026-07-28,Tirunelveli,South,MV-Zenith,WO-130000559,118.38,21542.2,1.87,6,3.5,hybrid,extreme,no
WT-13-000560,2026-07-01,Kutch,North,MV-Nova,WO-130000560,122.04,57301.9,1.89,2,6.097,geared,moderate,yes
WT-13-000561,2026-07-02,Jaisalmer,North,MV-Zenith,WO-130000561,99.57,32709.8,4.45,3,4.218,geared,extreme,yes
WT-13-000562,2026-07-03,Coimbatore,North,MV-Zenith,WO-130000562,35.79,49877.2,3.09,1,6.199,hybrid,moderate,no
WT-13-000563,2026-07-04,Kutch,North,MV-Atlas,WO-130000563,125.03,23646.1,3.63,3,3.643,direct_drive,high,no
WT-13-000564,2026-07-05,Satara,North,MV-Atlas,WO-130000564,102.65,13460.4,2.49,0,6.395,geared,moderate,no
WT-13-000565,2026-07-06,Coimbatore,West,MV-Nova,WO-130000565,121.88,58028.6,1.84,4,8.405,direct_drive,high,no
WT-13-000566,2026-07-07,Tirunelveli,South,MV-Zenith,WO-130000566,77.75,56492.8,2.83,8,4.981,geared,extreme,yes
WT-13-000567,2026-07-08,Coimbatore,South,MV-Atlas,WO-130000567,127.42,57002.0,5.19,5,1.235,geared,moderate,no
WT-13-000568,2026-07-09,Tirunelveli,West,MV-Zenith,WO-130000568,119.13,63380.3,2.66,0,7.958,geared,high,no
WT-13-000569,2026-07-10,Kutch,North,MV-Zenith,WO-130000569,59.64,38629.5,2.46,4,4.842,direct_drive,high,no
WT-13-000570,2026-07-11,Coimbatore,South,MV-Zenith,WO-130000570,37.37,23628.9,4.58,2,7.715, GEARED ,high,no
WT-13-000571,2026-07-12,Jaisalmer,North,MV-Nova,WO-130000571,96.21,70227.5,2.44,8,1.659,geared,moderate, NO 
WT-13-000572,2026-07-13,Coimbatore,West,MV-Zenith,WO-130000572,43.95,39063.4,2.79,5,1.269,geared,moderate,no
WT-13-000573,2026-07-14,Coimbatore,North,MV-Atlas,WO-130000573,61.43,66447.3,2.89,0,7.87,geared,high,no
WT-13-000574,2026-07-15,Kutch,North,MV-Atlas,WO-130000574,46.63,13818.0,5.37,3,8.214,geared,moderate,no
WT-13-000575,2026-07-16,Satara,South,MV-Nova,WO-130000575,67.31,9564.2,2.15,5,6.639,direct_drive,moderate,no
WT-13-000576,2026-07-17,Tirunelveli,West,MV-Nova,WO-130000576,62.46,16322.7,1.68,1,5.491,geared,high,no
WT-13-000577,2026-07-18,Kutch,North,MV-Atlas,WO-130000577,106.29,72413.2,2.57,1,3.687,direct_drive,moderate,no
WT-13-000578,2026-07-19,Coimbatore,South,MV-Nova,WO-130000578,94.55,54801.5,3.39,2,8.142,geared,high,no
WT-13-000579,2026-07-20,Satara,West,MV-Nova,WO-130000579,39.51,55605.1,2.9,5,7.863,geared,low,no
WT-13-000580,2026-07-21,Tirunelveli,South,MV-Nova,WO-130000580,100.28,65016.9,4.94,5,5.436,geared,moderate,no
WT-13-000581,2026-07-22,Kutch,West,MV-Nova,WO-130000581,112.92,,5.46,1,6.208,direct_drive,high,no
WT-13-000582,2026-07-23,Coimbatore,South,MV-Atlas,WO-130000582,75.0,38739.4,1.9,3,6.657,geared, HIGH ,no
WT-13-000583,2026-07-24,Kutch,North,MV-Atlas,WO-130000583,22.38,,4.76,7,5.103,geared,high,no
WT-13-000584,2026-07-25,Tirunelveli,South,MV-Nova,WO-130000584,118.02,59254.2,2.29,7,7.831,direct_drive,moderate,no
WT-13-000585,2026-07-26,Coimbatore,North,MV-Zenith,WO-130000585,108.96,65474.1,4.17,8,5.747,geared,high,no
WT-13-000586,2026-07-27,Jaisalmer,South,MV-Atlas,WO-130000586,26.03,56294.3,3.05,0,8.408,hybrid,high,no
WT-13-000587,2026-07-28,Coimbatore,North,MV-Atlas,WO-130000587,52.81,21171.2,2.33,6,8.184,direct_drive,moderate,no
WT-13-000588,2026-07-01,Kutch,West,MV-Atlas,WO-130000588,113.81,57619.7,3.86,4,6.899,hybrid,moderate,no
WT-13-000589,2026-07-02,Kutch,West,MV-Nova,WO-130000589,97.89,45396.7,3.67,6,8.629,direct_drive,moderate,no
WT-13-000590,2026-07-03,Kutch,West,MV-Atlas,WO-130000590,36.15,59980.9,5.03,7,4.086,geared,high,yes
WT-13-000591,2026-07-04,Satara,West,MV-Zenith,WO-130000591,61.0,54171.4,1.8,2,8.297,geared,moderate,yes
WT-13-000592,2026-07-05,Jaisalmer,North,MV-Nova,WO-130000592,23.57,72143.5,4.8,5,6.404, HYBRID ,high,yes
WT-13-000593,2026-07-06,Tirunelveli,South,MV-Atlas,WO-130000593,130.42,25644.8,4.89,4,2.429, DIRECT_DRIVE ,moderate,no
WT-13-000594,2026-07-07,Coimbatore,North,MV-Zenith,WO-130000594,116.7,33556.5,4.38,4,5.371,hybrid,high,no
WT-13-000595,2026-07-08,Coimbatore,South,MV-Nova,WO-130000595,49.31,10500.4,,7,7.963,geared, EXTREME ,no
WT-13-000596,2026-07-09,Coimbatore,West,MV-Nova,WO-130000596,70.69,52823.8,1.53,8,7.0,geared,moderate,no
WT-13-000597,2026-07-10,Tirunelveli,South,MV-Atlas,WO-130000597,111.81,37855.7,2.48,2,,direct_drive,moderate,no
WT-13-000598,2026-07-11,Satara,North,MV-Atlas,WO-130000598,84.87,70005.6,4.25,7,6.264,direct_drive,moderate,yes
WT-13-000599,2026-07-12,Satara,South,MV-Atlas,WO-130000599,30.55,18201.9,3.34,5,3.958,hybrid,low,yes
WT-13-000600,2026-07-13,Jaisalmer,North,MV-Nova,WO-130000600,116.51,51043.9,3.94,2,7.588,hybrid,moderate,no
WT-13-000601,2026-07-14,Tirunelveli,South,MV-Zenith,WO-130000601,108.11,69521.7,3.19,7,4.214,direct_drive,low,no
WT-13-000602,2026-07-15,Jaisalmer,West,MV-Zenith,WO-130000602,20.54,41313.9,3.94,4,7.271,hybrid,low,no
WT-13-000603,2026-07-16,Satara,West,MV-Zenith,WO-130000603,126.08,,4.21,7,7.65,direct_drive,high,no
WT-13-000604,2026-07-17,Kutch,South,MV-Zenith,WO-130000604,78.05,74325.3,3.54,6,1.824,direct_drive,extreme,yes
WT-13-000605,2026-07-18,Tirunelveli,North,MV-Atlas,WO-130000605,91.57,68384.7,4.02,3,7.518,geared,moderate,no
WT-13-000606,2026-07-19,Satara,North,MV-Nova,WO-130000606,103.55,8730.2,5.0,1,6.395,direct_drive,moderate,yes
WT-13-000607,2026-07-20,Kutch,North,MV-Nova,WO-130000607,129.89,49335.6,,4,,direct_drive,moderate,yes
WT-13-000608,2026-07-21,Jaisalmer,South,MV-Atlas,WO-130000608,80.78,31584.2,4.38,5,4.832,hybrid,high,no
WT-13-000609,2026-07-22,Coimbatore,West,MV-Atlas,WO-130000609,49.71,40021.3,3.81,8,8.426,hybrid,high,yes
WT-13-000610,2026-07-23,Coimbatore,North,MV-Atlas,WO-130000610,69.03,25739.6,2.11,1,4.135,geared,high,no
WT-13-000611,2026-07-24,Tirunelveli,North,MV-Atlas,WO-130000611,128.03,76348.0,3.53,4,3.151, GEARED ,low,no
WT-13-000612,2026-07-25,Kutch,South,MV-Zenith,WO-130000612,97.6,,3.72,4,8.714,direct_drive,moderate,yes
WT-13-000613,2026-07-26,Coimbatore,West,MV-Zenith,WO-130000613,86.81,33663.9,3.77,1,1.284,direct_drive,low,no
WT-13-000614,2026-07-27,Satara,North,MV-Nova,WO-130000614,87.29,54752.8,3.67,3,4.896,geared,moderate,no
WT-13-000615,2026-07-28,Tirunelveli,North,MV-Nova,WO-130000615,79.59,18750.3,2.91,1,3.705,direct_drive,extreme,no
WT-13-000616,2026-07-01,Satara,South,MV-Nova,WO-130000616,135.54,67783.0,1.51,7,3.455,geared,moderate, YES 
WT-13-000617,2026-07-02,Tirunelveli,North,MV-Atlas,WO-130000617,137.65,69476.3,3.74,3,7.108,direct_drive,moderate,no
WT-13-000618,2026-07-03,Kutch,South,MV-Nova,WO-130000618,61.0,54756.9,5.36,3,3.133,geared,moderate,yes
WT-13-000619,2026-07-04,Tirunelveli,North,MV-Nova,WO-130000619,18.57,19021.3,3.97,3,7.833, GEARED ,high,yes
WT-13-000620,2026-07-05,Coimbatore,West,MV-Nova,WO-130000620,38.28,55855.4,1.67,5,4.648,direct_drive,extreme,yes
WT-13-000621,2026-07-06,Satara,West,MV-Nova,WO-130000621,49.89,8078.2,2.13,7,6.1,direct_drive,high,yes
WT-13-000622,2026-07-07,Jaisalmer,South,MV-Atlas,WO-130000622,69.91,14374.8,,0,4.027,direct_drive,moderate,no
WT-13-000623,2026-07-08,Jaisalmer,West,MV-Atlas,WO-130000623,103.31,39458.1,1.75,3,2.777,geared,moderate,no
WT-13-000624,2026-07-09,Satara,North,MV-Atlas,WO-130000624,101.94,22177.5,2.17,5,8.583, DIRECT_DRIVE ,high,no
WT-13-000625,2026-07-10,Satara,North,MV-Nova,WO-130000625,78.19,53235.3,2.34,5,3.174,geared,high,no
WT-13-000626,2026-07-11,Kutch,West,MV-Zenith,WO-130000626,134.54,55980.0,2.97,6,5.939,geared,moderate,no
WT-13-000627,2026-07-12,Satara,South,MV-Atlas,WO-130000627,31.37,43341.7,2.2,6,4.13,direct_drive,low,yes
WT-13-000628,2026-07-13,Satara,West,MV-Nova,WO-130000628,69.93,22026.1,3.87,2,3.711,direct_drive,high,no
WT-13-000629,2026-07-14,Coimbatore,West,MV-Atlas,WO-130000629,119.95,76638.6,5.33,5,6.155,hybrid,moderate,yes
WT-13-000630,2026-07-15,Jaisalmer,West,MV-Zenith,WO-130000630,103.68,62496.3,4.95,5,6.775,hybrid,moderate,no
WT-13-000631,2026-07-16,Satara,West,MV-Zenith,WO-130000631,86.51,72965.5,1.89,5,1.751,hybrid,high,no
WT-13-000632,2026-07-17,Coimbatore,West,MV-Atlas,WO-130000632,105.31,16388.4,2.02,7,6.014,geared,moderate,yes
WT-13-000633,2026-07-18,Coimbatore,South,MV-Zenith,WO-130000633,18.9,12440.2,,4,1.227,geared,moderate,no
WT-13-000634,2026-07-19,Tirunelveli,West,MV-Zenith,WO-130000634,107.46,10364.5,3.29,3,6.075,geared,moderate,no
WT-13-000635,2026-07-20,Jaisalmer,South,MV-Atlas,WO-130000635,82.81,51728.3,5.45,5,8.488,direct_drive,moderate,no
WT-13-000636,2026-07-21,Satara,South,MV-Nova,WO-130000636,124.9,,5.33,6,7.874,hybrid,high,yes
WT-13-000637,2026-07-22,Tirunelveli,West,MV-Atlas,WO-130000637,40.24,34690.5,3.3,6,8.422,hybrid,low,no
WT-13-000638,2026-07-23,Jaisalmer,North,MV-Nova,WO-130000638,68.17,77177.7,2.28,5,2.047,direct_drive,low,no
WT-13-000639,2026-07-24,Satara,North,MV-Zenith,WO-130000639,140.61,60829.0,3.35,2,3.494,hybrid,low,no
WT-13-000640,2026-07-25,Jaisalmer,North,MV-Zenith,WO-130000640,57.51,25230.7,3.24,0,7.96,direct_drive,moderate,no
WT-13-000641,2026-07-26,Jaisalmer,West,MV-Nova,WO-130000641,104.18,60704.1,2.56,8,6.109,hybrid,moderate,no
WT-13-000642,2026-07-27,Jaisalmer,North,MV-Atlas,WO-130000642,133.84,36807.6,5.28,6,2.089,direct_drive,extreme,no
WT-13-000643,2026-07-28,Jaisalmer,South,MV-Nova,WO-130000643,86.09,17549.3,3.74,1,1.854,hybrid,moderate,no
WT-13-000644,2026-07-01,Coimbatore,West,MV-Atlas,WO-130000644,82.66,8039.8,4.16,6,3.153,geared,high,no
WT-13-000645,2026-07-02,Kutch,North,MV-Atlas,WO-130000645,83.31,14146.2,4.91,4,4.876,hybrid,extreme, NO 
WT-13-000646,2026-07-03,Tirunelveli,West,MV-Nova,WO-130000646,49.85,20062.7,1.84,7,7.559,direct_drive,high,yes
WT-13-000647,2026-07-04,Kutch,North,MV-Atlas,WO-130000647,82.68,54350.4,3.26,3,6.76,geared,moderate,yes
WT-13-000648,2026-07-05,Jaisalmer,South,MV-Atlas,WO-130000648,108.4,28956.0,4.35,0,8.28,geared,extreme,no
WT-13-000649,2026-07-06,Tirunelveli,North,MV-Atlas,WO-130000649,80.68,21617.6,3.44,4,7.524,geared,high,no
WT-13-000650,2026-07-07,Tirunelveli,North,MV-Zenith,WO-130000650,58.74,39692.1,4.81,6,8.669,geared,moderate, YES 
WT-13-000651,2026-07-08,Jaisalmer,North,MV-Zenith,WO-130000651,67.86,12043.0,2.89,4,3.291,direct_drive,high,yes
WT-13-000652,2026-07-09,Kutch,South,MV-Zenith,WO-130000652,29.61,50283.1,4.24,4,4.81,geared,moderate,yes
WT-13-000653,2026-07-10,Kutch,South,MV-Nova,WO-130000653,18.49,25281.5,5.25,7,8.49,geared,high,yes
WT-13-000654,2026-07-11,Kutch,West,MV-Nova,WO-130000654,135.16,47044.5,4.79,2,7.684,direct_drive,moderate,yes
WT-13-000655,2026-07-12,Coimbatore,South,MV-Zenith,WO-130000655,65.6,45347.6,2.98,4,8.525,hybrid,moderate,no
WT-13-000656,2026-07-13,Jaisalmer,South,MV-Nova,WO-130000656,109.19,63153.6,4.48,7,5.327,geared,moderate,no
WT-13-000657,2026-07-14,Jaisalmer,North,MV-Nova,WO-130000657,102.02,28925.7,3.77,0,5.448,geared,low,no
WT-13-000658,2026-07-15,Jaisalmer,West,MV-Zenith,WO-130000658,52.37,64761.7,3.65,8,8.741,geared,high,no
WT-13-000659,2026-07-16,Kutch,South,MV-Atlas,WO-130000659,56.51,11546.3,5.05,0,,geared,moderate,yes
WT-13-000660,2026-07-17,Kutch,South,MV-Zenith,WO-130000660,99.72,77008.1,5.06,3,1.597,geared,moderate,yes
WT-13-000661,2026-07-18,Coimbatore,South,MV-Zenith,WO-130000661,80.44,27665.1,4.51,8,6.768,geared,moderate,no
WT-13-000662,2026-07-19,Coimbatore,South,MV-Zenith,WO-130000662,100.39,9153.9,2.71,8,2.793,geared,high,no
WT-13-000663,2026-07-20,Satara,West,MV-Nova,WO-130000663,90.65,30963.3,3.68,6,,hybrid,high,yes
WT-13-000664,2026-07-21,Kutch,South,MV-Nova,WO-130000664,77.32,61832.4,4.84,6,6.483, DIRECT_DRIVE ,high,yes
WT-13-000665,2026-07-22,Coimbatore,West,MV-Atlas,WO-130000665,97.58,21527.4,1.63,1,8.319,direct_drive,extreme,yes
WT-13-000666,2026-07-23,Tirunelveli,South,MV-Atlas,WO-130000666,74.88,17912.9,2.24,8,6.007,direct_drive,moderate,no
WT-13-000667,2026-07-24,Kutch,North,MV-Nova,WO-130000667,25.68,62483.0,3.55,4,4.327,geared,moderate,no
WT-13-000668,2026-07-25,Jaisalmer,South,MV-Atlas,WO-130000668,84.62,57897.3,1.62,5,7.345,geared,moderate,no
WT-13-000669,2026-07-26,Satara,South,MV-Nova,WO-130000669,137.42,37157.9,1.76,0,7.789,direct_drive,low,no
WT-13-000670,2026-07-27,Tirunelveli,North,MV-Nova,WO-130000670,111.54,67263.7,3.0,0,7.049,geared,extreme, YES 
WT-13-000671,2026-07-28,Coimbatore,South,MV-Atlas,WO-130000671,51.62,58877.8,4.46,2,6.716,direct_drive,moderate,yes
WT-13-000672,2026-07-01,Coimbatore,South,MV-Atlas,WO-130000672,81.84,11270.3,3.73,4,2.798,geared,moderate,no
WT-13-000673,2026-07-02,Jaisalmer,West,MV-Atlas,WO-130000673,30.87,25881.0,3.78,4,2.866,geared,high,yes
WT-13-000674,2026-07-03,Satara,North,MV-Zenith,WO-130000674,103.1,46026.5,3.41,5,5.412,direct_drive,moderate,no
WT-13-000675,2026-07-04,Satara,North,MV-Nova,WO-130000675,65.55,30601.7,,6,4.585,geared,moderate,no
WT-13-000676,2026-07-05,Tirunelveli,North,MV-Nova,WO-130000676,91.89,26072.9,2.01,0,5.236,hybrid,high,yes
WT-13-000677,2026-07-06,Satara,West,MV-Nova,WO-130000677,140.48,36314.3,2.02,1,7.231,direct_drive,moderate,no
WT-13-000678,2026-07-07,Tirunelveli,North,MV-Nova,WO-130000678,94.75,23759.4,4.87,1,7.875,direct_drive,moderate, NO 
WT-13-000679,2026-07-08,Satara,South,MV-Zenith,WO-130000679,118.84,76509.1,2.19,2,4.354,geared,high,yes
WT-13-000680,2026-07-09,Tirunelveli,West,MV-Atlas,WO-130000680,18.55,66754.7,2.76,1,1.791,hybrid,moderate,no
WT-13-000681,2026-07-10,Tirunelveli,North,MV-Nova,WO-130000681,58.02,45940.3,3.69,6,3.122,geared,high,yes
WT-13-000682,2026-07-11,Tirunelveli,North,MV-Zenith,WO-130000682,91.21,72927.0,2.38,0,4.489,geared,moderate,no
WT-13-000683,2026-07-12,Jaisalmer,South,MV-Atlas,WO-130000683,41.8,33443.8,1.78,3,6.195,hybrid,moderate, NO 
WT-13-000684,2026-07-13,Satara,West,MV-Atlas,WO-130000684,86.99,57168.1,5.28,3,6.48,geared,moderate,no
WT-13-000685,2026-07-14,Satara,West,MV-Atlas,WO-130000685,61.04,43606.1,2.14,1,7.455,hybrid, MODERATE ,no
WT-13-000686,2026-07-15,Satara,South,MV-Nova,WO-130000686,77.05,22869.9,4.73,3,3.485,hybrid,low,no
WT-13-000687,2026-07-16,Satara,South,MV-Nova,WO-130000687,28.69,32550.6,4.8,2,3.043,geared,moderate,no
WT-13-000688,2026-07-17,Satara,South,MV-Atlas,WO-130000688,108.34,38844.5,3.84,5,5.1, GEARED ,moderate,no
WT-13-000689,2026-07-18,Kutch,West,MV-Atlas,WO-130000689,50.45,9631.0,5.08,1,5.812,hybrid,extreme,no
WT-13-000690,2026-07-19,Jaisalmer,West,MV-Nova,WO-130000690,59.61,44500.2,1.9,2,,geared,extreme,no
WT-13-000691,2026-07-20,Tirunelveli,South,MV-Atlas,WO-130000691,38.41,20575.1,5.2,7,,geared,high,no
WT-13-000692,2026-07-21,Jaisalmer,South,MV-Nova,WO-130000692,49.53,63922.5,3.95,2,6.844,geared,low,yes
WT-13-000693,2026-07-22,Jaisalmer,West,MV-Atlas,WO-130000693,36.49,12937.5,2.15,6,7.09,direct_drive,moderate,no
WT-13-000694,2026-07-23,Coimbatore,West,MV-Atlas,WO-130000694,142.92,46541.7,2.05,4,5.793,geared, HIGH ,no
WT-13-000695,2026-07-24,Coimbatore,South,MV-Atlas,WO-130000695,119.99,32684.2,5.24,8,6.093,geared,high,yes
WT-13-000696,2026-07-25,Jaisalmer,North,MV-Atlas,WO-130000696,112.75,69364.0,2.35,3,8.613,direct_drive,low,no
WT-13-000697,2026-07-26,Satara,South,MV-Nova,WO-130000697,28.77,28691.8,1.93,5,3.923,geared,moderate,no
WT-13-000698,2026-07-27,Tirunelveli,South,MV-Nova,WO-130000698,49.81,62682.4,3.99,1,8.311,geared,high,no
WT-13-000699,2026-07-28,Coimbatore,North,MV-Zenith,WO-130000699,133.78,9919.9,4.09,4,1.348,geared,high,no
WT-13-000700,2026-07-01,Jaisalmer,West,MV-Nova,WO-130000700,130.66,26356.6,1.81,2,3.51,hybrid,high,no
WT-13-000701,2026-07-02,Satara,North,MV-Atlas,WO-130000701,40.38,14710.4,5.25,6,,geared,low,no
WT-13-000702,2026-07-03,Coimbatore,West,MV-Nova,WO-130000702,92.66,20594.4,4.0,3,4.62,hybrid,moderate,no
WT-13-000703,2026-07-04,Tirunelveli,West,MV-Zenith,WO-130000703,102.6,47335.4,2.24,0,2.321,geared,extreme,no
WT-13-000704,2026-07-05,Kutch,North,MV-Atlas,WO-130000704,70.33,68983.4,1.87,5,7.088,geared,extreme,no
WT-13-000705,2026-07-06,Satara,North,MV-Nova,WO-130000705,59.65,8100.0,3.28,0,7.117,geared,high,no
WT-13-000706,2026-07-07,Satara,West,MV-Zenith,WO-130000706,50.17,23874.0,3.42,7,3.367,geared,high,no
WT-13-000707,2026-07-08,Jaisalmer,South,MV-Nova,WO-130000707,107.56,60035.0,3.96,4,2.266,geared,moderate,no
WT-13-000708,2026-07-09,Coimbatore,North,MV-Atlas,WO-130000708,58.91,31821.6,4.9,1,7.068,geared,low,yes
WT-13-000709,2026-07-10,Jaisalmer,North,MV-Atlas,WO-130000709,108.85,8800.2,4.9,6,7.541,hybrid,low,no
WT-13-000710,2026-07-11,Satara,South,MV-Zenith,WO-130000710,20.97,47360.9,3.42,8,4.946,geared,low,yes
WT-13-000711,2026-07-12,Kutch,North,MV-Nova,WO-130000711,85.34,31509.6,4.15,0,1.52,geared,high,no
WT-13-000712,2026-07-13,Satara,West,MV-Zenith,WO-130000712,129.27,,3.67,2,1.821,direct_drive,high,yes
WT-13-000713,2026-07-14,Satara,South,MV-Atlas,WO-130000713,33.89,18451.4,2.44,8,5.674,direct_drive,high,no
WT-13-000714,2026-07-15,Kutch,North,MV-Zenith,WO-130000714,18.41,53825.0,2.68,6,6.062,geared,moderate,yes
WT-13-000715,2026-07-16,Jaisalmer,North,MV-Atlas,WO-130000715,109.6,46453.4,5.07,5,6.903,geared,low,yes
WT-13-000716,2026-07-17,Tirunelveli,West,MV-Atlas,WO-130000716,41.94,74606.5,4.22,7,7.302,hybrid,high,yes
WT-13-000717,2026-07-18,Jaisalmer,South,MV-Zenith,WO-130000717,89.08,70504.9,4.81,3,8.174,direct_drive,high,no
WT-13-000718,2026-07-19,Tirunelveli,South,MV-Nova,WO-130000718,18.91,46769.9,2.85,2,5.545, GEARED ,low,no
WT-13-000719,2026-07-20,Kutch,North,MV-Nova,WO-130000719,80.32,23257.3,3.33,4,1.233,hybrid,extreme,yes
WT-13-000720,2026-07-21,Jaisalmer,North,MV-Atlas,WO-130000720,70.09,54001.2,4.33,5,2.998,direct_drive,low, YES 
WT-13-000721,2026-07-22,Coimbatore,North,MV-Zenith,WO-130000721,20.22,9634.9,4.99,2,2.937,hybrid,moderate,no
WT-13-000722,2026-07-23,Satara,North,MV-Nova,WO-130000722,54.86,39913.7,1.68,5,7.823,geared,extreme,no
WT-13-000723,2026-07-24,Tirunelveli,North,MV-Nova,WO-130000723,75.21,49744.5,3.0,1,7.011,direct_drive,low,yes
WT-13-000724,2026-07-25,Kutch,North,MV-Nova,WO-130000724,83.05,36965.1,2.7,1,8.017,geared,high,no
WT-13-000725,2026-07-26,Tirunelveli,West,MV-Atlas,WO-130000725,58.27,55686.2,5.04,3,4.81,geared,moderate,no
WT-13-000726,2026-07-27,Tirunelveli,West,MV-Atlas,WO-130000726,100.59,24051.2,2.48,5,7.505,geared,moderate,no
WT-13-000727,2026-07-28,Kutch,North,MV-Zenith,WO-130000727,112.37,54416.8,3.91,2,4.038,geared,moderate,no
WT-13-000728,2026-07-01,Tirunelveli,North,MV-Zenith,WO-130000728,31.44,28450.3,5.24,3,2.579,geared,moderate,no
WT-13-000729,2026-07-02,Coimbatore,West,MV-Atlas,WO-130000729,133.01,74272.3,4.79,5,,geared,moderate,no
WT-13-000730,2026-07-03,Jaisalmer,North,MV-Atlas,WO-130000730,63.07,48660.3,3.91,5,8.642,geared,moderate,no
WT-13-000731,2026-07-04,Kutch,South,MV-Atlas,WO-130000731,94.18,30110.8,1.71,4,2.865,geared,high,yes
WT-13-000732,2026-07-05,Jaisalmer,North,MV-Zenith,WO-130000732,133.77,35568.2,3.78,0,7.975,direct_drive,extreme,no
WT-13-000733,2026-07-06,Coimbatore,South,MV-Zenith,WO-130000733,104.63,11742.9,2.2,1,,geared,high,no
WT-13-000734,2026-07-07,Kutch,North,MV-Zenith,WO-130000734,71.68,40818.6,4.09,1,6.904,geared,moderate,yes
WT-13-000735,2026-07-08,Coimbatore,West,MV-Nova,WO-130000735,113.22,,3.2,4,4.939,hybrid, HIGH ,no
WT-13-000736,2026-07-09,Tirunelveli,West,MV-Atlas,WO-130000736,59.22,24447.9,1.96,3,8.72,direct_drive,high,yes
WT-13-000737,2026-07-10,Jaisalmer,North,MV-Atlas,WO-130000737,21.57,39974.9,2.37,8,4.85,direct_drive,low,no
WT-13-000738,2026-07-11,Coimbatore,North,MV-Atlas,WO-130000738,102.95,69035.5,5.19,6,3.428,hybrid,high,no
WT-13-000739,2026-07-12,Kutch,West,MV-Zenith,WO-130000739,67.09,22589.2,,7,6.422,hybrid,high,no
WT-13-000740,2026-07-13,Tirunelveli,South,MV-Atlas,WO-130000740,125.12,71622.1,4.79,0,2.799,direct_drive,moderate, YES 
WT-13-000741,2026-07-14,Coimbatore,West,MV-Nova,WO-130000741,21.78,36717.1,3.37,6,8.726,geared,moderate,no
WT-13-000742,2026-07-15,Satara,North,MV-Zenith,WO-130000742,108.49,15168.2,2.9,5,6.779,hybrid,high,no
WT-13-000743,2026-07-16,Kutch,West,MV-Zenith,WO-130000743,74.56,57245.2,4.02,8,2.018,direct_drive,low,no
WT-13-000744,2026-07-17,Kutch,West,MV-Nova,WO-130000744,22.47,15807.9,5.24,2,2.84,geared, MODERATE ,no
WT-13-000745,2026-07-18,Satara,South,MV-Nova,WO-130000745,68.88,22347.5,2.22,6,3.7,geared,high,no
WT-13-000746,2026-07-19,Jaisalmer,South,MV-Nova,WO-130000746,119.84,77015.8,2.53,3,7.955,geared,high,no
WT-13-000747,2026-07-20,Tirunelveli,West,MV-Zenith,WO-130000747,129.67,39611.2,2.51,4,4.467,geared,extreme,no
WT-13-000748,2026-07-21,Tirunelveli,North,MV-Zenith,WO-130000748,98.14,63147.2,1.52,2,1.562, DIRECT_DRIVE ,moderate,no
WT-13-000749,2026-07-22,Tirunelveli,South,MV-Atlas,WO-130000749,107.46,51146.2,1.84,1,4.146,direct_drive,high,no
WT-13-000750,2026-07-23,Jaisalmer,South,MV-Atlas,WO-130000750,129.5,25952.0,4.25,2,7.455,hybrid,extreme,no
WT-13-000751,2026-07-24,Satara,West,MV-Zenith,WO-130000751,136.15,31069.3,3.75,6,1.761,direct_drive,high,yes
WT-13-000752,2026-07-25,Jaisalmer,West,MV-Nova,WO-130000752,82.74,,4.44,5,2.153,geared,low,no
WT-13-000753,2026-07-26,Tirunelveli,West,MV-Atlas,WO-130000753,22.2,9771.7,3.57,6,3.557,direct_drive,high, YES 
WT-13-000754,2026-07-27,Kutch,South,MV-Nova,WO-130000754,100.49,24079.8,5.24,6,2.53,geared,high,yes
WT-13-000755,2026-07-28,Kutch,South,MV-Nova,WO-130000755,24.04,9725.0,3.01,2,3.919,geared,high,no
WT-13-000756,2026-07-01,Jaisalmer,West,MV-Zenith,WO-130000756,26.25,58448.8,2.8,1,6.023,geared,moderate,no
WT-13-000757,2026-07-02,Satara,West,MV-Atlas,WO-130000757,81.36,71081.5,4.25,6,7.129,direct_drive,moderate,no
WT-13-000758,2026-07-03,Kutch,West,MV-Atlas,WO-130000758,94.71,54922.0,3.32,0,5.411,geared,high,no
WT-13-000759,2026-07-04,Coimbatore,North,MV-Atlas,WO-130000759,29.97,38611.2,1.94,6,7.919,geared, HIGH ,no
WT-13-000760,2026-07-05,Coimbatore,West,MV-Nova,WO-130000760,99.45,42660.9,3.81,2,7.398,geared,high,yes
WT-13-000761,2026-07-06,Satara,South,MV-Atlas,WO-130000761,111.35,54479.5,3.75,4,5.443,geared,extreme,no
WT-13-000762,2026-07-07,Tirunelveli,North,MV-Nova,WO-130000762,134.31,26288.2,1.61,2,2.705,hybrid,moderate,yes
WT-13-000763,2026-07-08,Satara,South,MV-Nova,WO-130000763,74.56,47171.9,2.56,4,3.139,direct_drive,moderate,yes
WT-13-000764,2026-07-09,Coimbatore,North,MV-Nova,WO-130000764,139.71,71606.4,1.95,2,5.625,geared,high,no
WT-13-000765,2026-07-10,Coimbatore,South,MV-Zenith,WO-130000765,43.92,58709.8,3.12,7,6.647,direct_drive,extreme,no
WT-13-000766,2026-07-11,Jaisalmer,South,MV-Nova,WO-130000766,89.85,22500.8,5.31,3,6.316,geared,moderate,no
WT-13-000767,2026-07-12,Jaisalmer,South,MV-Zenith,WO-130000767,47.65,57468.7,4.14,0,5.137,geared,moderate,yes
WT-13-000768,2026-07-13,Coimbatore,West,MV-Atlas,WO-130000768,63.93,25636.0,2.35,5,2.146,geared,moderate,yes
WT-13-000769,2026-07-14,Coimbatore,West,MV-Atlas,WO-130000769,49.7,54720.6,4.06,0,1.819,geared,high,no
WT-13-000770,2026-07-15,Tirunelveli,West,MV-Zenith,WO-130000770,142.58,14037.1,2.91,7,8.306,direct_drive,moderate,no
WT-13-000771,2026-07-16,Coimbatore,West,MV-Atlas,WO-130000771,137.61,67074.5,2.18,8,8.428,geared,high,no
WT-13-000772,2026-07-17,Tirunelveli,South,MV-Atlas,WO-130000772,90.14,52495.2,4.17,6,4.87,geared,moderate,yes
WT-13-000773,2026-07-18,Kutch,North,MV-Nova,WO-130000773,27.63,54736.9,3.25,4,7.35,hybrid,moderate,no
WT-13-000774,2026-07-19,Satara,West,MV-Atlas,WO-130000774,45.29,56516.4,3.67,5,5.014,direct_drive,moderate,no
WT-13-000775,2026-07-20,Coimbatore,West,MV-Nova,WO-130000775,39.02,31875.6,1.69,7,7.058,direct_drive,low,no
WT-13-000776,2026-07-21,Tirunelveli,North,MV-Atlas,WO-130000776,54.99,13127.2,1.6,0,8.204,geared, HIGH ,no
WT-13-000777,2026-07-22,Tirunelveli,South,MV-Atlas,WO-130000777,73.97,62773.2,5.01,0,7.479,geared,moderate,no
WT-13-000778,2026-07-23,Coimbatore,South,MV-Atlas,WO-130000778,67.17,61710.7,1.65,1,6.755,hybrid,extreme,no
WT-13-000779,2026-07-24,Tirunelveli,South,MV-Atlas,WO-130000779,74.42,31384.2,2.33,7,5.492,hybrid,high,no
WT-13-000780,2026-07-25,Jaisalmer,South,MV-Zenith,WO-130000780,119.06,64130.7,2.13,8,2.771,geared,low,no
WT-13-000781,2026-07-26,Jaisalmer,West,MV-Atlas,WO-130000781,71.69,37545.7,2.55,7,7.526,geared,high,no
WT-13-000782,2026-07-27,Satara,West,MV-Atlas,WO-130000782,83.5,39004.2,3.77,8,7.815,hybrid,low,no
WT-13-000783,2026-07-28,Kutch,North,MV-Nova,WO-130000783,78.39,42686.9,2.8,5,3.863,geared,moderate,yes
WT-13-000784,2026-07-01,Jaisalmer,South,MV-Atlas,WO-130000784,50.21,34704.3,2.14,3,8.731,geared,extreme,no
WT-13-000785,2026-07-02,Satara,South,MV-Nova,WO-130000785,92.55,35376.8,2.29,3,2.067,direct_drive,extreme,no
WT-13-000786,2026-07-03,Jaisalmer,West,MV-Nova,WO-130000786,39.36,71937.9,4.3,1,2.946,direct_drive,high,yes
WT-13-000787,2026-07-04,Tirunelveli,North,MV-Zenith,WO-130000787,31.59,10884.6,2.28,3,2.596,geared,low,yes
WT-13-000788,2026-07-05,Coimbatore,South,MV-Atlas,WO-130000788,90.78,33860.7,4.46,4,1.546,direct_drive,low,yes
WT-13-000789,2026-07-06,Tirunelveli,South,MV-Zenith,WO-130000789,105.64,52865.0,2.89,2,5.777,geared,high,no
WT-13-000790,2026-07-07,Coimbatore,South,MV-Atlas,WO-130000790,31.34,56758.1,3.23,8,6.06,geared,low,yes
WT-13-000791,2026-07-08,Satara,West,MV-Zenith,WO-130000791,80.98,26574.3,1.78,1,3.501,direct_drive,low,no
WT-13-000792,2026-07-09,Jaisalmer,North,MV-Atlas,WO-130000792,32.89,46159.1,2.75,3,6.954,geared,moderate,no
WT-13-000793,2026-07-10,Kutch,South,MV-Atlas,WO-130000793,60.87,32105.7,3.2,8,3.68,geared,high,no
WT-13-000794,2026-07-11,Kutch,South,MV-Atlas,WO-130000794,100.64,63187.6,1.59,5,5.368,geared,low,no
WT-13-000795,2026-07-12,Coimbatore,South,MV-Nova,WO-130000795,101.88,57094.2,3.48,8,7.387,direct_drive,extreme,no
WT-13-000796,2026-07-13,Jaisalmer,South,MV-Atlas,WO-130000796,70.98,9309.9,3.12,8,4.182,direct_drive,high,no
WT-13-000797,2026-07-14,Coimbatore,South,MV-Nova,WO-130000797,122.6,33464.5,4.47,8,6.879,geared,extreme,no
WT-13-000798,2026-07-15,Kutch,North,MV-Zenith,WO-130000798,125.9,67164.5,4.06,1,5.419,hybrid,extreme,no
WT-13-000799,2026-07-16,Coimbatore,West,MV-Zenith,WO-130000799,43.87,54471.6,3.56,0,6.769,hybrid,high,no
