machine_id,inspection_date,plant_location,production_line,shift_engineer,maintenance_order_ref,operating_hours_thousands,days_since_service,vibration_mm_s,bearing_temperature_celsius,average_daily_runtime_hours,machine_type,load_profile,lubrication_system
MC-PR-0000001,2026-05-30,Chennai,Line I,S-Iyer,MO-744248,9.82,711,10.38,51.7,15.3,hydraulic_press,heavy,manual
MC-PR-0000002,2026-04-26,Hyderabad,Line IV,R-Mehta,MO-400919,9.0,409,0.87,89.7,11.9,milling_center,light,manual
MC-PR-0000003,2026-04-29,Hyderabad,Line I,A-Khan,MO-967049,10.57,424,12.68,88.1,7.1,milling_center,heavy,manual
MC-PR-0000004,2026-08-19,Coimbatore,Line III,S-Iyer,MO-497456,2.91,168,12.42,,6.9,milling_center,heavy,automatic
MC-PR-0000005,2026-08-22,Coimbatore,Line IV,A-Khan,MO-643631,1.78,118,8.68,39.7,5.2,cnc_lathe,normal,automatic
MC-PR-0000006,2026-05-25,Pune,Line IV,S-Iyer,MO-597613,8.42,450,0.58,65.9,19.6,milling_center,cyclic,automatic
MC-PR-0000007,2026-06-04,Hyderabad,Line IV,P-Rao,MO-910772,0.49,453,12.66,89.5,17.6,milling_center,heavy,automatic
MC-PR-0000008,2026-08-04,Hyderabad,Line I,A-Khan,MO-565578,2.66,440,5.6,101.5,16.4,cnc_lathe,cyclic,automatic
MC-PR-0000009,2026-04-14,Hyderabad,Line I,S-Iyer,MO-152198,16.5,28,1.76,64.3,11.6,hydraulic_press,heavy,automatic
MC-PR-0000010,2026-07-03,Vadodara,Line III,S-Iyer,MO-587380,13.7,214,11.3,56.3,13.4,hydraulic_press,normal,manual
MC-PR-0000011,2026-03-10,Chennai,Line IV,P-Rao,MO-189519,16.65,204,12.85,61.8,22.5,cnc_lathe,light, MANUAL 
MC-PR-0000012,2026-01-01,Vadodara,Line II,S-Iyer,MO-200610,8.63,479,0.53,68.7,,milling_center,normal,automatic
MC-PR-0000013,2026-01-23,Pune,Line III,R-Mehta,MO-732549,13.0,217,4.28,40.1,9.0,cnc_lathe,cyclic,automatic
MC-PR-0000014,2026-01-16,Pune,Line I,S-Iyer,MO-894209,15.57,679,2.19,97.1,11.1,hydraulic_press,light,manual
MC-PR-0000015,2026-07-05,Pune,Line IV,S-Iyer,MO-757263,5.61,546,1.2,58.7,9.5,milling_center,heavy,automatic
MC-PR-0000016,2026-06-28,Hyderabad,Line I,R-Mehta,MO-465035,13.2,49,6.09,54.6,17.3,milling_center,light,manual
MC-PR-0000017,2026-01-26,Hyderabad,Line I,P-Rao,MO-391747,11.29,403,4.7,51.0,5.8,cnc_lathe,normal,manual
MC-PR-0000018,2026-01-05,Hyderabad,Line I,S-Iyer,MO-112878,8.7,523,10.2,70.8,17.3,hydraulic_press,heavy,automatic
MC-PR-0000019,2026-06-06,Vadodara,Line III,A-Khan,MO-532706,15.82,125,7.96,79.8,18.5,milling_center,normal,automatic
MC-PR-0000020,2026-02-22,Vadodara,Line II,P-Rao,MO-673223,6.04,556,8.0,87.7,15.6, CNC_LATHE , NORMAL ,manual
MC-PR-0000021,2026-02-22,Chennai,Line III,A-Khan,MO-327591,0.49,622,,63.6,15.6,hydraulic_press,normal,manual
MC-PR-0000022,2026-07-29,Coimbatore,Line III,R-Mehta,MO-393399,6.03,118,2.74,52.7,18.7,milling_center,normal,manual
MC-PR-0000023,2026-01-09,Coimbatore,Line IV,A-Khan,MO-379596,11.69,207,3.95,51.8,17.0,cnc_lathe,heavy,automatic
MC-PR-0000024,2026-06-04,Hyderabad,Line IV,A-Khan,MO-539696,13.23,243,11.04,54.7,18.3,hydraulic_press,heavy,manual
MC-PR-0000025,2026-02-04,Pune,Line I,A-Khan,MO-585540,7.48,412,1.9,48.3,12.2,hydraulic_press,light,automatic
MC-PR-0000026,2026-01-12,Vadodara,Line III,A-Khan,MO-228271,11.72,112,10.94,52.8,21.5,hydraulic_press,heavy,automatic
MC-PR-0000027,2026-02-15,Chennai,Line II,P-Rao,MO-994717,8.66,46,3.71,110.1,14.7,hydraulic_press,normal,manual
MC-PR-0000028,2026-07-08,Vadodara,Line I,P-Rao,MO-148121,16.65,25,9.25,98.2,13.1,milling_center,heavy,Automatic
MC-PR-0000029,2026-05-23,Chennai,Line II,P-Rao,MO-924844,4.25,218,2.21,42.2,11.4,cnc_lathe,heavy,manual
MC-PR-0000030,2026-05-09,Vadodara,Line II,P-Rao,MO-172212,16.32,588,11.87,111.4,7.5,milling_center,normal,automatic
MC-PR-0000031,2026-03-18,Chennai,Line III,P-Rao,MO-653882,13.56,700,8.28,45.0,11.5,milling_center,normal,manual
MC-PR-0000032,2026-07-24,Hyderabad,Line II,P-Rao,MO-711835,13.33,430,11.51,76.4,13.8,hydraulic_press,light,manual
MC-PR-0000033,2026-02-07,Coimbatore,Line I,S-Iyer,MO-889995,11.63,231,12.59,83.8,6.1,milling_center,normal,automatic
MC-PR-0000034,2026-05-05,Chennai,Line II,S-Iyer,MO-506345,13.61,677,1.77,89.5,19.8,hydraulic_press,Cyclic,manual
MC-PR-0000035,2026-01-31,Coimbatore,Line IV,A-Khan,MO-226336,10.07,48,7.08,60.8,8.1,milling_center,heavy,automatic
MC-PR-0000036,2026-07-13,Coimbatore,Line I,A-Khan,MO-599742,1.71,217,11.17,106.7,15.6,milling_center,normal,automatic
MC-PR-0000037,2026-06-03,Pune,Line I,P-Rao,MO-929164,10.3,717,11.24,107.1,8.5,Cnc_lathe, HEAVY ,manual
MC-PR-0000038,2026-08-02,Hyderabad,Line I,P-Rao,MO-298891,6.48,683,3.14,95.1,21.7,cnc_lathe,cyclic,automatic
MC-PR-0000039,2026-01-06,Pune,Line II,P-Rao,MO-322046,7.35,596,3.13,60.5,10.4,cnc_lathe,normal,automatic
MC-PR-0000040,2026-08-05,Coimbatore,Line III,S-Iyer,MO-598704,8.73,558,1.5,61.2,11.9,milling_center,normal,automatic
MC-PR-0000041,2026-03-04,Pune,Line III,R-Mehta,MO-916496,1.84,445,10.18,80.0,4.9,hydraulic_press,cyclic,automatic
MC-PR-0000042,2026-04-23,Pune,Line III,R-Mehta,MO-736487,6.27,703,1.08,110.6,4.4,cnc_lathe, HEAVY ,automatic
MC-PR-0000043,2026-01-04,Vadodara,Line I,P-Rao,MO-957006,4.04,653,13.65,71.1,7.9,milling_center,normal,manual
MC-PR-0000044,2026-02-23,Pune,Line IV,A-Khan,MO-697364,14.68,599,3.52,63.4,14.5,milling_center,Light,automatic
MC-PR-0000045,2026-06-07,Chennai,Line I,A-Khan,MO-906653,7.96,183,11.0,39.2,16.4,cnc_lathe,heavy,manual
MC-PR-0000046,2026-04-22,Chennai,Line I,P-Rao,MO-462855,17.17,542,3.76,62.7,10.7,milling_center,heavy,automatic
MC-PR-0000047,2026-01-30,Vadodara,Line III,S-Iyer,MO-200020,10.63,431,13.35,67.0,14.9,cnc_lathe,heavy,automatic
MC-PR-0000048,2026-06-14,Vadodara,Line III,R-Mehta,MO-477161,10.91,608,8.92,97.6,20.0,cnc_lathe,normal,automatic
MC-PR-0000049,2026-01-26,Pune,Line III,A-Khan,MO-314557,3.48,558,10.86,65.5,19.6,cnc_lathe,normal,manual
MC-PR-0000050,2026-05-12,Chennai,Line IV,S-Iyer,MO-134135,5.84,116,6.09,77.2,7.0,cnc_lathe,light,manual
MC-PR-0000051,2026-07-23,Vadodara,Line I,S-Iyer,MO-893585,9.2,240,2.94,86.0,13.3,milling_center,normal,automatic
MC-PR-0000052,2026-02-15,Chennai,Line III,P-Rao,MO-728108,7.52,282,11.82,75.1,9.6,Cnc_lathe,normal,automatic
MC-PR-0000053,2026-07-15,Chennai,Line III,P-Rao,MO-103474,16.19,192,8.35,62.8,12.6,milling_center,normal,automatic
MC-PR-0000054,2026-02-08,Chennai,Line III,R-Mehta,MO-481231,2.98,466,13.73,108.4,10.8,hydraulic_press,cyclic,automatic
MC-PR-0000055,2026-02-06,Vadodara,Line IV,P-Rao,MO-835589,13.78,65,1.71,66.6,22.1,cnc_lathe,heavy,automatic
MC-PR-0000056,2026-05-05,Vadodara,Line II,P-Rao,MO-156566,14.24,385,3.14,65.2,8.1,cnc_lathe,heavy,automatic
MC-PR-0000057,2026-08-25,Vadodara,Line III,A-Khan,MO-403196,4.35,176,0.72,44.3,14.3,cnc_lathe,heavy,automatic
MC-PR-0000058,2026-06-26,Vadodara,Line I,P-Rao,MO-493152,13.85,391,8.65,104.3,6.5,cnc_lathe,heavy,manual
MC-PR-0000059,2026-08-15,Vadodara,Line III,P-Rao,MO-334421,1.91,99,7.32,101.7,13.3,milling_center,cyclic,manual
MC-PR-0000060,2026-08-22,Coimbatore,Line II,P-Rao,MO-745304,1.93,62,6.49,107.3,7.5,hydraulic_press,light,Automatic
MC-PR-0000061,2026-04-05,Vadodara,Line III,P-Rao,MO-375732,7.02,404,11.9,79.5,16.1,hydraulic_press,normal,automatic
MC-PR-0000062,2026-01-21,Coimbatore,Line IV,A-Khan,MO-928499,11.38,574,1.85,49.6,7.9,cnc_lathe,cyclic,automatic
MC-PR-0000063,2026-03-07,Chennai,Line II,P-Rao,MO-851640,5.38,685,8.27,65.7,16.6,milling_center,normal,automatic
MC-PR-0000064,2026-03-07,Hyderabad,Line II,S-Iyer,MO-569403,11.56,247,2.13,,13.9,hydraulic_press,normal,automatic
MC-PR-0000065,2026-05-25,Coimbatore,Line III,R-Mehta,MO-581061,15.59,391,11.89,88.5,4.8,hydraulic_press,heavy,automatic
MC-PR-0000066,2026-01-22,Pune,Line IV,A-Khan,MO-941418,14.74,403,12.31,71.5,17.3,cnc_lathe,normal,automatic
MC-PR-0000067,2026-05-17,Vadodara,Line II,R-Mehta,MO-267739,2.66,322,7.31,92.0,4.7,hydraulic_press,cyclic,manual
MC-PR-0000068,2026-06-14,Pune,Line I,S-Iyer,MO-846585,7.08,28,3.58,68.8,6.8,milling_center,heavy,manual
MC-PR-0000069,2026-05-14,Hyderabad,Line II,S-Iyer,MO-262675,12.76,112,4.93,,16.3,milling_center,heavy,automatic
MC-PR-0000070,2026-02-12,Pune,Line II,A-Khan,MO-101341,9.83,636,2.36,106.4,6.8,milling_center,light,automatic
MC-PR-0000071,2026-03-16,Hyderabad,Line III,R-Mehta,MO-687435,10.15,626,4.49,90.7,9.5,cnc_lathe,heavy,manual
MC-PR-0000072,2026-05-23,Chennai,Line I,P-Rao,MO-255430,7.84,311,6.97,50.9,4.5,hydraulic_press,light,automatic
MC-PR-0000073,2026-07-18,Hyderabad,Line IV,P-Rao,MO-687282,7.48,438,8.55,45.2,6.1,milling_center,normal,manual
MC-PR-0000074,2026-05-08,Chennai,Line III,A-Khan,MO-857577,13.94,356,12.66,107.9,8.2,milling_center,heavy,manual
MC-PR-0000075,2026-08-19,Pune,Line I,S-Iyer,MO-543471,15.46,655,9.11,95.6,4.6,milling_center,heavy,manual
MC-PR-0000076,2026-08-22,Coimbatore,Line I,P-Rao,MO-917027,7.75,487,7.96,90.5,12.5,cnc_lathe,heavy,automatic
MC-PR-0000077,2026-02-19,Pune,Line II,S-Iyer,MO-481887,6.49,667,12.18,50.4,15.1,hydraulic_press,cyclic,automatic
MC-PR-0000078,2026-05-17,Pune,Line III,R-Mehta,MO-404718,0.56,114,4.94,109.8,11.8,milling_center,Normal,manual
MC-PR-0000079,2026-08-18,Coimbatore,Line I,P-Rao,MO-462126,12.52,712,12.95,105.4,11.9,cnc_lathe,heavy,automatic
MC-PR-0000080,2026-05-03,Vadodara,Line III,A-Khan,MO-132724,10.92,5,10.28,108.6,18.6,hydraulic_press,normal, MANUAL 
MC-PR-0000081,2026-05-06,Hyderabad,Line III,P-Rao,MO-455318,7.55,245,10.4,83.9,9.6,cnc_lathe,heavy,automatic
MC-PR-0000082,2026-03-22,Hyderabad,Line I,P-Rao,MO-915729,14.58,302,11.48,41.2,10.4,cnc_lathe,cyclic,automatic
MC-PR-0000083,2026-04-11,Pune,Line IV,S-Iyer,MO-313156,15.78,85,2.54,56.5,12.0,milling_center,light,automatic
MC-PR-0000084,2026-05-06,Vadodara,Line II,S-Iyer,MO-557414,12.62,263,,81.0,16.2,cnc_lathe,cyclic,automatic
MC-PR-0000085,2026-03-13,Hyderabad,Line IV,P-Rao,MO-993659,10.52,231,8.38,60.5,4.3,milling_center,normal,automatic
MC-PR-0000086,2026-06-15,Coimbatore,Line IV,R-Mehta,MO-879691,4.93,183,5.22,69.5,21.1,cnc_lathe,normal,automatic
MC-PR-0000087,2026-04-22,Hyderabad,Line III,A-Khan,MO-737114,0.62,523,1.95,80.9,10.0,milling_center,heavy,automatic
MC-PR-0000088,2026-01-17,Pune,Line I,A-Khan,MO-119272,3.88,185,7.56,99.2,6.1,cnc_lathe,heavy, MANUAL 
MC-PR-0000089,2026-07-05,Vadodara,Line II,S-Iyer,MO-898239,1.27,428,6.06,96.7,14.4,milling_center,normal,manual
MC-PR-0000090,2026-06-16,Chennai,Line IV,R-Mehta,MO-453177,1.18,630,3.45,110.4,6.4,milling_center,normal,automatic
MC-PR-0000091,2026-07-17,Vadodara,Line II,P-Rao,MO-323561,6.48,35,12.09,47.0,15.5,hydraulic_press,heavy,manual
MC-PR-0000092,2026-04-21,Hyderabad,Line II,A-Khan,MO-694291,17.66,85,13.92,46.8,4.4,milling_center,light,automatic
MC-PR-0000093,2026-05-09,Pune,Line IV,R-Mehta,MO-440290,8.87,290,10.99,59.2,14.3,milling_center,heavy,manual
MC-PR-0000094,2026-07-18,Hyderabad,Line IV,S-Iyer,MO-389974,6.99,550,5.93,38.3,18.5,cnc_lathe,light,manual
MC-PR-0000095,2026-02-05,Chennai,Line II,R-Mehta,MO-403206,3.29,42,11.99,108.0,11.7,milling_center,normal,automatic
MC-PR-0000096,2026-08-16,Chennai,Line IV,A-Khan,MO-863197,9.35,346,13.65,70.3,21.7,Cnc_lathe,heavy,automatic
MC-PR-0000097,2026-06-18,Coimbatore,Line III,S-Iyer,MO-177961,3.25,662,11.4,85.0,9.1,cnc_lathe,heavy,manual
MC-PR-0000098,2026-03-22,Hyderabad,Line III,A-Khan,MO-467122,11.52,568,9.24,67.9,14.0,cnc_lathe,light,manual
MC-PR-0000099,2026-02-16,Hyderabad,Line II,A-Khan,MO-210907,12.76,688,3.54,89.6,10.8,milling_center,heavy,manual
MC-PR-0000100,2026-01-24,Vadodara,Line I,A-Khan,MO-693720,4.75,186,9.53,72.9,5.7,cnc_lathe,light,automatic
MC-PR-0000101,2026-02-09,Chennai,Line IV,R-Mehta,MO-341017,5.99,123,6.97,98.1,15.8,milling_center,normal,automatic
MC-PR-0000102,2026-04-02,Vadodara,Line III,R-Mehta,MO-270828,7.58,682,9.45,79.6,,milling_center,light,manual
MC-PR-0000103,2026-03-28,Chennai,Line III,S-Iyer,MO-935469,7.18,403,4.95,57.7,9.8,cnc_lathe,normal,automatic
MC-PR-0000104,2026-04-09,Hyderabad,Line I,P-Rao,MO-974979,14.88,442,6.97,90.4,17.9,hydraulic_press,heavy,automatic
MC-PR-0000105,2026-08-28,Hyderabad,Line III,S-Iyer,MO-412863,1.61,600,12.25,49.9,7.1,milling_center,normal,manual
MC-PR-0000106,2026-02-15,Coimbatore,Line II,P-Rao,MO-574117,8.34,326,10.7,100.1,13.5,milling_center,normal,automatic
MC-PR-0000107,2026-03-02,Vadodara,Line II,R-Mehta,MO-844461,15.45,577,1.13,57.3,9.1,hydraulic_press,normal,automatic
MC-PR-0000108,2026-07-25,Chennai,Line II,S-Iyer,MO-617703,13.83,617,8.8,101.5,6.5,cnc_lathe,light,manual
MC-PR-0000109,2026-04-03,Hyderabad,Line IV,A-Khan,MO-485349,8.04,654,11.18,101.7,15.6,cnc_lathe,light,manual
MC-PR-0000110,2026-06-28,Vadodara,Line I,A-Khan,MO-883718,9.73,512,7.37,75.1,12.7,cnc_lathe,cyclic,automatic
MC-PR-0000111,2026-03-30,Hyderabad,Line IV,A-Khan,MO-167743,7.04,574,11.55,69.6,9.6,hydraulic_press,light,automatic
MC-PR-0000112,2026-06-21,Coimbatore,Line IV,A-Khan,MO-764387,15.02,569,2.82,69.2,18.4,milling_center,heavy,manual
MC-PR-0000113,2026-05-08,Coimbatore,Line IV,R-Mehta,MO-106707,11.28,87,3.31,81.4,21.5,cnc_lathe,normal,automatic
MC-PR-0000114,2026-03-07,Pune,Line III,A-Khan,MO-158751,13.99,438,3.4,42.8,14.8,cnc_lathe,normal,automatic
MC-PR-0000115,2026-06-10,Vadodara,Line I,A-Khan,MO-568598,7.37,298,2.85,98.5,11.0,cnc_lathe,cyclic,automatic
MC-PR-0000116,2026-07-24,Hyderabad,Line IV,A-Khan,MO-136888,16.02,208,6.83,59.7,10.9,milling_center,cyclic,automatic
MC-PR-0000117,2026-01-08,Chennai,Line IV,A-Khan,MO-799279,4.69,646,7.57,97.8,17.5,cnc_lathe,light,manual
MC-PR-0000118,2026-06-29,Coimbatore,Line III,A-Khan,MO-886986,6.04,492,2.91,98.9,22.8,milling_center,normal,manual
MC-PR-0000119,2026-05-18,Coimbatore,Line II,S-Iyer,MO-679612,6.12,574,13.14,102.2,8.3,hydraulic_press,light,automatic
MC-PR-0000120,2026-03-03,Chennai,Line III,R-Mehta,MO-132368,5.91,545,5.76,50.3,16.5,cnc_lathe,light,automatic
MC-PR-0000121,2026-02-05,Pune,Line III,P-Rao,MO-366819,4.6,338,12.69,101.1,7.2,cnc_lathe,heavy,manual
MC-PR-0000122,2026-07-26,Hyderabad,Line I,A-Khan,MO-971928,10.47,632,13.15,83.0,10.5,cnc_lathe,light, AUTOMATIC 
MC-PR-0000123,2026-04-12,Pune,Line II,S-Iyer,MO-867392,7.19,614,,104.2,11.0,hydraulic_press,heavy,automatic
MC-PR-0000124,2026-08-04,Pune,Line III,S-Iyer,MO-586381,11.6,695,11.65,105.9,15.3,hydraulic_press,normal,automatic
MC-PR-0000125,2026-04-26,Chennai,Line IV,P-Rao,MO-272845,4.01,195,13.96,46.0,9.2,hydraulic_press,heavy,automatic
MC-PR-0000126,2026-02-07,Hyderabad,Line I,R-Mehta,MO-379875,17.43,413,10.18,110.7,5.2,cnc_lathe,heavy,automatic
MC-PR-0000127,2026-05-19,Chennai,Line II,R-Mehta,MO-752972,10.02,281,12.6,81.7,19.0,Milling_center,light,automatic
MC-PR-0000128,2026-07-08,Vadodara,Line II,A-Khan,MO-338220,17.04,155,4.3,46.5,22.7,hydraulic_press,light,automatic
MC-PR-0000129,2026-05-14,Pune,Line IV,S-Iyer,MO-339358,13.2,388,8.98,111.0,14.3,Milling_center,normal,automatic
MC-PR-0000130,2026-05-21,Chennai,Line IV,R-Mehta,MO-408656,15.64,120,9.81,67.4,4.6,cnc_lathe,normal,automatic
MC-PR-0000131,2026-06-20,Hyderabad,Line IV,S-Iyer,MO-811666,12.28,524,13.31,75.1,12.3,milling_center,cyclic,automatic
MC-PR-0000132,2026-08-19,Pune,Line I,S-Iyer,MO-938297,17.32,164,2.01,87.6,12.6,cnc_lathe,normal,automatic
MC-PR-0000133,2026-03-13,Coimbatore,Line IV,R-Mehta,MO-738592,16.78,660,3.32,49.5,8.1,milling_center,normal,automatic
MC-PR-0000134,2026-06-08,Pune,Line III,P-Rao,MO-183053,12.55,327,12.96,42.6,20.0,milling_center,normal,automatic
MC-PR-0000135,2026-02-17,Coimbatore,Line III,A-Khan,MO-234514,1.66,716,0.75,69.9,16.0,hydraulic_press,cyclic,automatic
MC-PR-0000136,2026-01-31,Coimbatore,Line III,P-Rao,MO-337774,17.62,282,13.38,93.8,4.5,hydraulic_press,cyclic,automatic
MC-PR-0000137,2026-01-21,Pune,Line I,S-Iyer,MO-788202,10.81,656,3.08,107.4,20.2,cnc_lathe, CYCLIC ,automatic
MC-PR-0000138,2026-07-17,Hyderabad,Line III,R-Mehta,MO-430279,8.2,678,12.87,,11.0,milling_center,cyclic,automatic
MC-PR-0000139,2026-06-24,Hyderabad,Line I,S-Iyer,MO-219773,3.69,359,9.91,79.5,7.1,milling_center,heavy,manual
MC-PR-0000140,2026-07-24,Hyderabad,Line I,P-Rao,MO-377559,3.69,426,5.07,90.2,17.6,cnc_lathe,heavy,automatic
MC-PR-0000141,2026-05-09,Hyderabad,Line II,S-Iyer,MO-403892,10.55,696,4.5,97.1,13.1,hydraulic_press,heavy,automatic
MC-PR-0000142,2026-08-19,Coimbatore,Line III,S-Iyer,MO-718293,0.65,672,,106.0,17.0,hydraulic_press, LIGHT ,automatic
MC-PR-0000143,2026-02-26,Chennai,Line III,S-Iyer,MO-850345,9.86,295,13.75,85.1,17.6,milling_center,cyclic,manual
MC-PR-0000144,2026-04-25,Coimbatore,Line II,R-Mehta,MO-473157,12.78,283,8.38,47.5,5.4,cnc_lathe,normal,automatic
MC-PR-0000145,2026-02-17,Hyderabad,Line III,R-Mehta,MO-496876,0.57,364,12.68,50.0,19.5,milling_center,normal,manual
MC-PR-0000146,2026-04-30,Hyderabad,Line II,R-Mehta,MO-752812,5.4,714,9.82,84.5,,hydraulic_press,normal,manual
MC-PR-0000147,2026-05-01,Chennai,Line II,S-Iyer,MO-290492,13.6,556,,50.0,5.3,cnc_lathe,heavy,automatic
MC-PR-0000148,2026-01-09,Chennai,Line II,R-Mehta,MO-534553,10.19,10,1.77,46.3,19.9,cnc_lathe,Normal,automatic
MC-PR-0000149,2026-07-23,Coimbatore,Line IV,P-Rao,MO-202036,9.44,283,13.79,45.9,19.4,Cnc_lathe,normal,automatic
MC-PR-0000150,2026-07-11,Chennai,Line I,P-Rao,MO-472264,16.11,154,7.77,64.2,12.7,hydraulic_press,normal,automatic
MC-PR-0000151,2026-03-17,Coimbatore,Line IV,R-Mehta,MO-888767,1.16,269,5.89,104.1,11.9,hydraulic_press,normal,manual
MC-PR-0000152,2026-06-07,Chennai,Line III,P-Rao,MO-309222,0.44,542,7.38,70.7,21.4,milling_center,normal,automatic
MC-PR-0000153,2026-07-19,Hyderabad,Line II,P-Rao,MO-199681,3.41,692,11.04,61.1,18.8,hydraulic_press,normal,automatic
MC-PR-0000154,2026-08-18,Chennai,Line IV,R-Mehta,MO-864548,17.84,48,10.69,64.6,18.2,milling_center,normal,automatic
MC-PR-0000155,2026-01-06,Pune,Line III,R-Mehta,MO-917791,16.1,603,7.01,50.1,13.2,cnc_lathe,normal,manual
MC-PR-0000156,2026-02-28,Hyderabad,Line III,R-Mehta,MO-207554,16.57,241,12.0,109.8,22.1,cnc_lathe,Heavy,automatic
MC-PR-0000157,2026-07-31,Pune,Line IV,R-Mehta,MO-790545,2.15,549,7.75,73.3,21.6,cnc_lathe,heavy,automatic
MC-PR-0000158,2026-02-26,Vadodara,Line II,S-Iyer,MO-655612,17.52,533,5.31,62.4,6.6,milling_center,heavy,automatic
MC-PR-0000159,2026-04-18,Chennai,Line III,S-Iyer,MO-165446,2.61,529,3.02,95.5,,hydraulic_press,light,automatic
MC-PR-0000160,2026-07-11,Pune,Line III,A-Khan,MO-318720,12.57,409,12.01,78.2,21.5,milling_center,normal,automatic
MC-PR-0000161,2026-05-23,Pune,Line III,A-Khan,MO-751378,6.97,236,11.05,52.3,8.3,cnc_lathe,heavy,manual
MC-PR-0000162,2026-04-25,Vadodara,Line IV,R-Mehta,MO-316226,9.18,470,8.77,70.9,13.3,hydraulic_press,normal,automatic
MC-PR-0000163,2026-05-25,Vadodara,Line II,R-Mehta,MO-310702,9.59,581,5.97,42.9,14.8,cnc_lathe,normal,manual
MC-PR-0000164,2026-01-30,Hyderabad,Line III,P-Rao,MO-666326,12.1,428,1.82,104.1,16.3,cnc_lathe,normal,automatic
MC-PR-0000165,2026-04-16,Vadodara,Line III,R-Mehta,MO-654605,13.16,665,6.83,109.1,14.4,cnc_lathe,cyclic,automatic
MC-PR-0000166,2026-06-26,Vadodara,Line I,P-Rao,MO-631872,3.08,297,10.05,53.6,21.9,cnc_lathe,light,manual
MC-PR-0000167,2026-05-24,Vadodara,Line IV,S-Iyer,MO-306607,12.86,284,8.45,85.8,9.1,milling_center,light,automatic
MC-PR-0000168,2026-07-27,Hyderabad,Line I,S-Iyer,MO-985602,14.66,636,9.53,53.8,15.7,hydraulic_press,cyclic,automatic
MC-PR-0000169,2026-03-23,Hyderabad,Line II,R-Mehta,MO-613792,8.71,563,7.84,97.7,16.3,cnc_lathe,cyclic,automatic
MC-PR-0000170,2026-01-08,Chennai,Line II,S-Iyer,MO-579765,11.72,412,8.37,86.8,14.5,cnc_lathe,normal,manual
MC-PR-0000171,2026-01-20,Vadodara,Line I,A-Khan,MO-475861,6.34,280,1.64,72.9,4.8,cnc_lathe,normal,automatic
MC-PR-0000172,2026-05-08,Chennai,Line I,P-Rao,MO-234358,9.35,168,12.3,39.5,11.2,hydraulic_press,heavy,manual
MC-PR-0000173,2026-08-06,Pune,Line IV,R-Mehta,MO-824191,9.12,702,2.5,38.0,6.9,cnc_lathe,cyclic,manual
MC-PR-0000174,2026-08-12,Chennai,Line III,S-Iyer,MO-603149,6.98,419,3.55,111.7,4.2,milling_center,normal,automatic
MC-PR-0000175,2026-01-18,Chennai,Line IV,S-Iyer,MO-894745,8.3,361,8.86,106.9,21.9,cnc_lathe,normal,manual
MC-PR-0000176,2026-06-21,Vadodara,Line III,R-Mehta,MO-562816,2.45,694,10.76,62.5,4.5,hydraulic_press,normal,automatic
MC-PR-0000177,2026-02-11,Coimbatore,Line I,R-Mehta,MO-604239,2.46,33,6.94,84.5,9.1,hydraulic_press,normal,manual
MC-PR-0000178,2026-01-01,Coimbatore,Line II,A-Khan,MO-389038,12.9,329,13.14,66.1,10.6,hydraulic_press,normal,automatic
MC-PR-0000179,2026-04-07,Coimbatore,Line I,R-Mehta,MO-501720,15.08,699,2.06,106.9,16.6,milling_center,normal,automatic
MC-PR-0000180,2026-06-28,Chennai,Line III,A-Khan,MO-975272,0.64,710,9.01,65.9,7.3,cnc_lathe, NORMAL ,manual
MC-PR-0000181,2026-02-04,Coimbatore,Line IV,P-Rao,MO-603562,17.28,589,2.28,54.3,22.9,cnc_lathe,light,manual
MC-PR-0000182,2026-01-08,Vadodara,Line III,S-Iyer,MO-501402,17.0,117,7.16,106.4,22.6,milling_center,heavy,manual
MC-PR-0000183,2026-06-25,Coimbatore,Line III,S-Iyer,MO-165198,5.01,218,6.71,88.3,17.6,cnc_lathe,heavy,manual
MC-PR-0000184,2026-05-28,Chennai,Line II,R-Mehta,MO-423749,13.47,651,3.76,87.5,4.4,milling_center,cyclic,automatic
MC-PR-0000185,2026-02-18,Chennai,Line II,R-Mehta,MO-553045,10.98,495,11.41,71.8,19.6,cnc_lathe,normal,automatic
MC-PR-0000186,2026-04-08,Coimbatore,Line III,A-Khan,MO-435194,10.97,375,10.6,92.4,16.3,milling_center,light,automatic
MC-PR-0000187,2026-05-10,Vadodara,Line IV,A-Khan,MO-143735,17.93,84,6.51,94.6,18.9,cnc_lathe,normal,automatic
MC-PR-0000188,2026-03-24,Hyderabad,Line II,R-Mehta,MO-581783,12.38,107,9.91,69.6,10.3,cnc_lathe,cyclic,automatic
MC-PR-0000189,2026-06-20,Coimbatore,Line IV,P-Rao,MO-138409,1.89,149,2.14,50.8,11.6,milling_center,cyclic,manual
MC-PR-0000190,2026-02-21,Pune,Line I,S-Iyer,MO-845002,11.96,431,2.14,70.2,4.7,milling_center,normal,manual
MC-PR-0000191,2026-03-15,Hyderabad,Line IV,P-Rao,MO-399655,4.69,357,8.97,64.8,12.1,Hydraulic_press,heavy,automatic
MC-PR-0000192,2026-01-24,Chennai,Line III,S-Iyer,MO-325693,0.84,472,11.57,105.8,16.3,milling_center,heavy,automatic
MC-PR-0000193,2026-02-03,Pune,Line I,A-Khan,MO-125804,5.23,97,3.86,96.1,15.9,cnc_lathe,heavy,manual
MC-PR-0000194,2026-02-28,Chennai,Line I,A-Khan,MO-235121,12.9,175,13.54,65.1,16.4,milling_center,heavy,automatic
MC-PR-0000195,2026-04-06,Coimbatore,Line III,P-Rao,MO-566432,7.13,519,4.57,93.8,12.2,cnc_lathe,normal,manual
MC-PR-0000196,2026-06-26,Pune,Line II,R-Mehta,MO-695834,4.59,210,11.29,110.1,14.1,cnc_lathe,light,automatic
MC-PR-0000197,2026-04-21,Pune,Line II,P-Rao,MO-855047,6.2,230,8.25,101.8,16.2,milling_center,cyclic,automatic
MC-PR-0000198,2026-01-24,Vadodara,Line III,P-Rao,MO-357083,2.64,595,3.68,92.1,5.6,cnc_lathe,light,automatic
MC-PR-0000199,2026-05-14,Chennai,Line IV,P-Rao,MO-139100,10.26,478,11.06,72.4,10.8,cnc_lathe,heavy,automatic
MC-PR-0000200,2026-04-13,Hyderabad,Line III,P-Rao,MO-895037,14.5,199,3.35,40.7,12.9,cnc_lathe,cyclic,manual
MC-PR-0000201,2026-01-23,Hyderabad,Line III,P-Rao,MO-914001,10.61,668,4.11,57.7,13.0,milling_center,normal,automatic
MC-PR-0000202,2026-06-18,Pune,Line IV,A-Khan,MO-145822,1.71,707,3.93,87.3,10.3,milling_center,heavy,automatic
MC-PR-0000203,2026-08-01,Pune,Line IV,P-Rao,MO-635588,17.87,9,11.11,87.6,16.8,cnc_lathe,cyclic,manual
MC-PR-0000204,2026-03-26,Hyderabad,Line I,A-Khan,MO-696367,2.62,178,6.61,99.2,14.4,cnc_lathe,heavy,automatic
MC-PR-0000205,2026-02-07,Chennai,Line III,S-Iyer,MO-880763,6.15,5,2.61,40.3,18.4,cnc_lathe,normal,manual
MC-PR-0000206,2026-01-03,Pune,Line II,S-Iyer,MO-257605,16.78,608,13.48,105.8,18.7,hydraulic_press,normal,automatic
MC-PR-0000207,2026-03-17,Hyderabad,Line IV,R-Mehta,MO-743167,16.01,241,9.77,59.6,21.8,hydraulic_press,heavy,manual
MC-PR-0000208,2026-02-03,Coimbatore,Line III,P-Rao,MO-902373,2.98,31,7.16,42.5,19.2,milling_center,cyclic,manual
MC-PR-0000209,2026-05-31,Hyderabad,Line IV,P-Rao,MO-518964,7.24,482,11.98,85.2,18.4,hydraulic_press,normal,manual
MC-PR-0000210,2026-03-29,Coimbatore,Line III,S-Iyer,MO-317028,16.4,619,4.04,94.7,15.2,milling_center,light,manual
MC-PR-0000211,2026-06-29,Coimbatore,Line IV,S-Iyer,MO-540965,13.82,291,11.93,85.9,15.4,cnc_lathe,normal,automatic
MC-PR-0000212,2026-06-17,Vadodara,Line II,P-Rao,MO-442550,17.8,300,10.5,92.1,18.0,cnc_lathe,heavy,automatic
MC-PR-0000213,2026-02-04,Pune,Line IV,S-Iyer,MO-538945,13.67,585,1.13,74.2,5.6,cnc_lathe,normal,automatic
MC-PR-0000214,2026-01-03,Pune,Line II,P-Rao,MO-309943,14.38,305,8.43,41.0,10.6,cnc_lathe,heavy,manual
MC-PR-0000215,2026-05-28,Chennai,Line I,R-Mehta,MO-486433,4.96,549,9.07,98.2,19.5,hydraulic_press,normal,manual
MC-PR-0000216,2026-07-14,Coimbatore,Line III,P-Rao,MO-146289,10.13,82,11.02,67.8,11.4,cnc_lathe,normal,automatic
MC-PR-0000217,2026-07-17,Coimbatore,Line I,A-Khan,MO-188561,13.56,91,11.34,52.5,13.8,cnc_lathe,normal,automatic
MC-PR-0000218,2026-08-12,Hyderabad,Line II,S-Iyer,MO-676894,7.51,184,6.1,59.1,22.1,hydraulic_press,cyclic,manual
MC-PR-0000219,2026-07-04,Pune,Line III,R-Mehta,MO-257874,14.65,421,7.56,108.4,8.4,hydraulic_press,normal,automatic
MC-PR-0000220,2026-06-29,Chennai,Line IV,A-Khan,MO-154647,0.55,688,4.79,70.2,5.7,cnc_lathe,heavy,manual
MC-PR-0000221,2026-08-05,Coimbatore,Line I,R-Mehta,MO-307620,15.37,449,1.75,53.0,19.5,cnc_lathe,light,automatic
MC-PR-0000222,2026-07-09,Pune,Line III,S-Iyer,MO-921171,3.09,454,6.45,55.7,13.4,milling_center,cyclic,manual
MC-PR-0000223,2026-06-02,Vadodara,Line III,R-Mehta,MO-507726,6.87,137,13.13,38.0,10.3,milling_center,cyclic,manual
MC-PR-0000224,2026-08-25,Hyderabad,Line III,P-Rao,MO-471120,7.73,616,5.0,65.0,16.6,hydraulic_press,cyclic,automatic
MC-PR-0000225,2026-04-21,Chennai,Line II,R-Mehta,MO-610924,11.71,621,10.92,38.5,18.0,hydraulic_press,heavy,manual
MC-PR-0000226,2026-07-04,Coimbatore,Line I,S-Iyer,MO-150584,17.2,456,5.17,74.0,17.0,cnc_lathe,normal,automatic
MC-PR-0000227,2026-03-31,Vadodara,Line IV,P-Rao,MO-909086,8.42,606,7.54,41.7,6.0,hydraulic_press,heavy,automatic
MC-PR-0000228,2026-01-17,Vadodara,Line IV,P-Rao,MO-914532,5.96,16,10.49,52.8,16.1,cnc_lathe,normal,manual
MC-PR-0000229,2026-06-29,Hyderabad,Line I,P-Rao,MO-249845,8.95,498,1.4,91.5,8.8,cnc_lathe,normal,automatic
MC-PR-0000230,2026-06-08,Hyderabad,Line IV,S-Iyer,MO-242264,4.63,281,6.53,73.9,15.3,milling_center,light,automatic
MC-PR-0000231,2026-07-31,Pune,Line I,R-Mehta,MO-535929,13.81,657,5.33,84.9,8.1,milling_center,normal,automatic
MC-PR-0000232,2026-03-16,Pune,Line I,R-Mehta,MO-209346,0.87,659,2.96,65.5,10.2,cnc_lathe,normal,automatic
MC-PR-0000233,2026-06-19,Chennai,Line III,A-Khan,MO-186912,13.62,543,9.81,91.7,16.3,milling_center,heavy,automatic
MC-PR-0000234,2026-03-17,Pune,Line III,A-Khan,MO-984893,3.53,281,4.78,109.1,16.4,cnc_lathe,heavy,manual
MC-PR-0000235,2026-02-01,Chennai,Line III,S-Iyer,MO-888471,3.27,511,13.65,103.3,8.7,cnc_lathe, CYCLIC ,automatic
MC-PR-0000236,2026-03-11,Hyderabad,Line I,P-Rao,MO-485437,5.42,179,,81.4,,milling_center,heavy,manual
MC-PR-0000237,2026-08-12,Coimbatore,Line IV,P-Rao,MO-258986,0.35,510,1.94,,15.7,cnc_lathe,cyclic,automatic
MC-PR-0000238,2026-01-03,Vadodara,Line IV,R-Mehta,MO-728144,3.24,127,9.04,76.8,7.6, HYDRAULIC_PRESS ,normal,automatic
MC-PR-0000239,2026-01-26,Vadodara,Line IV,P-Rao,MO-335989,0.69,359,3.35,50.7,17.3,cnc_lathe,cyclic,automatic
MC-PR-0000240,2026-07-05,Pune,Line IV,S-Iyer,MO-420517,1.14,567,9.93,69.1,13.8,Cnc_lathe,heavy,manual
MC-PR-0000241,2026-07-29,Vadodara,Line IV,S-Iyer,MO-515397,17.78,33,7.93,66.6,14.4, HYDRAULIC_PRESS ,normal,automatic
MC-PR-0000242,2026-06-25,Vadodara,Line III,P-Rao,MO-813801,1.35,346,12.08,66.6,10.0,cnc_lathe,normal,manual
MC-PR-0000243,2026-05-12,Chennai,Line I,R-Mehta,MO-967790,16.3,239,12.13,92.8,5.3,milling_center,normal,manual
MC-PR-0000244,2026-04-08,Hyderabad,Line III,S-Iyer,MO-166662,11.3,369,12.48,73.0,5.7,milling_center,normal,automatic
MC-PR-0000245,2026-01-25,Pune,Line II,S-Iyer,MO-158784,16.84,574,1.86,43.0,19.1,milling_center,heavy,manual
MC-PR-0000246,2026-08-28,Hyderabad,Line III,A-Khan,MO-597312,11.33,581,2.88,68.3,21.9,cnc_lathe,normal,automatic
MC-PR-0000247,2026-07-14,Vadodara,Line I,S-Iyer,MO-853712,10.23,172,10.61,44.4,11.5,cnc_lathe,normal,manual
MC-PR-0000248,2026-05-01,Vadodara,Line II,A-Khan,MO-644495,17.47,652,9.28,99.4,19.9,cnc_lathe,normal,automatic
MC-PR-0000249,2026-08-18,Hyderabad,Line III,S-Iyer,MO-305787,6.27,228,6.84,49.2,11.2,cnc_lathe,light,manual
MC-PR-0000250,2026-04-22,Coimbatore,Line IV,R-Mehta,MO-708869,13.52,43,0.67,40.8,10.0,cnc_lathe,normal,automatic
MC-PR-0000251,2026-05-17,Coimbatore,Line I,S-Iyer,MO-902820,5.42,285,3.74,86.0,,milling_center,cyclic,manual
MC-PR-0000252,2026-06-26,Vadodara,Line III,R-Mehta,MO-442124,9.81,713,2.45,101.0,9.7,cnc_lathe,heavy,automatic
MC-PR-0000253,2026-01-06,Pune,Line II,P-Rao,MO-288354,17.39,306,8.15,94.0,10.9,cnc_lathe,heavy,automatic
MC-PR-0000254,2026-07-30,Chennai,Line II,S-Iyer,MO-691509,7.25,61,1.36,91.4,15.5,hydraulic_press,heavy,Automatic
MC-PR-0000255,2026-08-14,Pune,Line II,R-Mehta,MO-267071,6.91,536,5.64,46.1,11.2,hydraulic_press,normal,manual
MC-PR-0000256,2026-05-02,Hyderabad,Line II,A-Khan,MO-887100,2.27,595,13.77,38.2,7.9,cnc_lathe,cyclic,automatic
MC-PR-0000257,2026-02-12,Chennai,Line I,A-Khan,MO-940978,3.68,404,8.52,53.5,8.1,milling_center,normal,automatic
MC-PR-0000258,2026-03-25,Hyderabad,Line III,S-Iyer,MO-806925,0.67,640,7.35,92.1,6.5,milling_center,light,automatic
MC-PR-0000259,2026-02-28,Pune,Line II,A-Khan,MO-824470,16.1,82,12.18,60.5,19.1,hydraulic_press,cyclic,manual
MC-PR-0000260,2026-07-21,Coimbatore,Line IV,P-Rao,MO-408217,15.33,480,1.48,105.3,6.0,hydraulic_press,normal,manual
MC-PR-0000261,2026-05-09,Chennai,Line II,R-Mehta,MO-580498,12.67,202,1.57,76.5,15.7,cnc_lathe,light,Automatic
MC-PR-0000262,2026-08-15,Hyderabad,Line III,S-Iyer,MO-712093,5.09,593,2.43,107.6,6.5,hydraulic_press,normal,automatic
MC-PR-0000263,2026-04-04,Hyderabad,Line IV,P-Rao,MO-488905,7.18,623,10.41,61.3,21.8,milling_center,light,automatic
MC-PR-0000264,2026-02-21,Hyderabad,Line II,S-Iyer,MO-668486,17.62,436,10.0,84.2,18.7,hydraulic_press,light,manual
MC-PR-0000265,2026-03-27,Chennai,Line III,A-Khan,MO-789939,15.5,621,12.66,98.7,17.3,cnc_lathe,heavy,manual
MC-PR-0000266,2026-03-27,Coimbatore,Line III,R-Mehta,MO-886586,0.37,153,7.63,97.7,17.9,cnc_lathe,normal,automatic
MC-PR-0000267,2026-01-13,Chennai,Line IV,A-Khan,MO-963782,6.31,32,4.68,69.7,6.3,milling_center,heavy,manual
MC-PR-0000268,2026-08-03,Chennai,Line III,A-Khan,MO-718630,15.22,498,12.48,104.8,12.6,milling_center,normal,automatic
MC-PR-0000269,2026-05-23,Chennai,Line III,S-Iyer,MO-276879,15.84,493,1.9,80.7,20.7,cnc_lathe,cyclic,automatic
MC-PR-0000270,2026-05-13,Coimbatore,Line I,A-Khan,MO-684690,8.87,375,13.07,43.8,14.8,hydraulic_press,Normal,automatic
MC-PR-0000271,2026-05-11,Vadodara,Line III,S-Iyer,MO-469337,8.83,506,4.04,75.0,5.0,hydraulic_press,heavy,manual
MC-PR-0000272,2026-03-26,Pune,Line II,A-Khan,MO-643600,6.48,572,1.38,42.0,11.0,milling_center,heavy,Automatic
MC-PR-0000273,2026-02-18,Vadodara,Line IV,R-Mehta,MO-955449,12.46,350,4.97,55.2,5.1,hydraulic_press,cyclic,automatic
MC-PR-0000274,2026-06-04,Pune,Line III,S-Iyer,MO-418267,15.66,507,5.21,94.1,5.6,cnc_lathe,normal,automatic
MC-PR-0000275,2026-03-11,Hyderabad,Line I,P-Rao,MO-198694,14.14,575,1.42,92.0,22.0,Milling_center,heavy,manual
MC-PR-0000276,2026-03-06,Vadodara,Line I,R-Mehta,MO-786896,7.47,639,12.41,76.0,12.2,milling_center,cyclic,automatic
MC-PR-0000277,2026-06-01,Hyderabad,Line II,R-Mehta,MO-643485,11.76,189,12.08,46.9,11.7,milling_center,cyclic,automatic
MC-PR-0000278,2026-07-24,Chennai,Line I,P-Rao,MO-573258,3.59,585,4.99,63.0,23.0,hydraulic_press,normal,automatic
MC-PR-0000279,2026-08-08,Vadodara,Line IV,R-Mehta,MO-105073,3.57,660,4.23,90.2,4.6,hydraulic_press,normal,automatic
MC-PR-0000280,2026-07-11,Vadodara,Line I,P-Rao,MO-271818,14.82,525,11.66,110.6,10.7,milling_center,heavy,manual
MC-PR-0000281,2026-08-27,Pune,Line II,R-Mehta,MO-588160,11.47,476,11.39,108.8,17.1,milling_center,cyclic,manual
MC-PR-0000282,2026-07-06,Hyderabad,Line IV,A-Khan,MO-768950,6.71,425,0.78,79.9,12.0,cnc_lathe,heavy,manual
MC-PR-0000283,2026-02-09,Pune,Line I,A-Khan,MO-848570,14.56,363,9.95,110.5,6.2,hydraulic_press,light,manual
MC-PR-0000284,2026-07-09,Chennai,Line III,R-Mehta,MO-307351,2.16,461,5.07,71.4,17.5,milling_center,normal,manual
MC-PR-0000285,2026-03-14,Vadodara,Line II,A-Khan,MO-381116,6.48,200,2.08,109.5,12.1,milling_center,normal,automatic
MC-PR-0000286,2026-02-28,Chennai,Line II,R-Mehta,MO-630300,6.71,703,10.74,81.5,9.4,cnc_lathe,normal,automatic
MC-PR-0000287,2026-08-06,Vadodara,Line II,A-Khan,MO-587348,16.33,282,0.93,80.2,20.6,cnc_lathe,heavy,automatic
MC-PR-0000288,2026-07-10,Chennai,Line II,A-Khan,MO-924379,17.67,95,6.31,69.7,17.0,milling_center,light,automatic
MC-PR-0000289,2026-01-02,Vadodara,Line IV,S-Iyer,MO-519788,1.02,373,0.65,69.2,19.5,milling_center,normal, AUTOMATIC 
MC-PR-0000290,2026-06-29,Coimbatore,Line I,A-Khan,MO-584185,5.21,399,6.59,51.2,19.6,cnc_lathe,heavy,automatic
MC-PR-0000291,2026-07-15,Chennai,Line I,A-Khan,MO-475796,1.96,614,4.07,52.3,17.4,cnc_lathe,cyclic,manual
MC-PR-0000292,2026-04-11,Pune,Line IV,P-Rao,MO-361570,17.92,237,5.73,38.9,17.6,milling_center,light,automatic
MC-PR-0000293,2026-06-01,Pune,Line II,R-Mehta,MO-599508,7.0,148,6.35,72.0,19.3,cnc_lathe,heavy,automatic
MC-PR-0000294,2026-01-30,Pune,Line I,A-Khan,MO-687447,4.34,293,2.42,81.1,19.3,cnc_lathe,normal,automatic
MC-PR-0000295,2026-01-24,Chennai,Line IV,R-Mehta,MO-838618,7.56,427,8.2,74.5,7.1,cnc_lathe,light,manual
MC-PR-0000296,2026-05-14,Vadodara,Line I,P-Rao,MO-251635,5.32,75,5.86,74.6,12.3,hydraulic_press,normal,automatic
MC-PR-0000297,2026-07-16,Hyderabad,Line I,P-Rao,MO-759049,7.3,35,10.73,78.0,12.8,cnc_lathe,heavy,automatic
MC-PR-0000298,2026-02-05,Hyderabad,Line III,A-Khan,MO-927046,9.15,580,13.56,103.0,16.1,milling_center,heavy,automatic
MC-PR-0000299,2026-06-16,Chennai,Line I,A-Khan,MO-747724,15.16,583,13.74,94.1,21.8,cnc_lathe,light,automatic
MC-PR-0000300,2026-01-07,Hyderabad,Line I,R-Mehta,MO-779313,8.76,619,8.92,74.7,19.7,hydraulic_press,normal,automatic
MC-PR-0000301,2026-02-22,Chennai,Line III,P-Rao,MO-924113,4.85,185,13.76,59.0,6.3,hydraulic_press,normal,automatic
MC-PR-0000302,2026-03-17,Hyderabad,Line IV,P-Rao,MO-819253,11.29,391,4.19,62.3,16.0,hydraulic_press,light,manual
MC-PR-0000303,2026-01-23,Coimbatore,Line II,A-Khan,MO-999021,5.4,544,7.72,87.1,4.4,milling_center,heavy,automatic
MC-PR-0000304,2026-08-07,Chennai,Line II,S-Iyer,MO-526085,17.03,493,1.1,88.2,14.9,cnc_lathe,normal,automatic
MC-PR-0000305,2026-07-16,Chennai,Line I,P-Rao,MO-469477,9.23,189,7.59,42.6,15.5,cnc_lathe,cyclic,automatic
MC-PR-0000306,2026-06-14,Pune,Line IV,S-Iyer,MO-640602,16.62,704,7.7,38.1,21.1,milling_center,normal,automatic
MC-PR-0000307,2026-08-01,Pune,Line IV,P-Rao,MO-553756,15.11,297,11.64,64.0,20.5,milling_center,heavy,automatic
MC-PR-0000308,2026-05-11,Vadodara,Line III,R-Mehta,MO-251600,7.16,447,9.63,104.3,16.1,cnc_lathe,light,automatic
MC-PR-0000309,2026-07-12,Hyderabad,Line II,R-Mehta,MO-254088,11.59,51,0.77,75.8,11.4,hydraulic_press,normal,automatic
MC-PR-0000310,2026-05-24,Chennai,Line III,S-Iyer,MO-146148,1.0,576,12.16,88.4,18.7,milling_center,normal,automatic
MC-PR-0000311,2026-02-01,Pune,Line II,A-Khan,MO-237532,10.35,255,4.95,96.0,21.2,hydraulic_press,heavy,automatic
MC-PR-0000312,2026-08-15,Chennai,Line IV,A-Khan,MO-703818,3.46,323,0.62,86.3,,cnc_lathe,normal,automatic
MC-PR-0000313,2026-08-03,Hyderabad,Line IV,S-Iyer,MO-889671,7.52,535,4.34,93.5,10.7,cnc_lathe,light,automatic
MC-PR-0000314,2026-08-06,Vadodara,Line I,P-Rao,MO-182485,13.43,20,13.82,80.5,12.4,cnc_lathe,cyclic,automatic
MC-PR-0000315,2026-06-05,Coimbatore,Line IV,A-Khan,MO-889700,0.7,440,10.34,53.3,20.7,cnc_lathe,normal,automatic
MC-PR-0000316,2026-01-15,Coimbatore,Line II,R-Mehta,MO-957403,17.28,40,12.33,105.4,13.5,cnc_lathe,normal,manual
MC-PR-0000317,2026-04-09,Chennai,Line III,A-Khan,MO-213170,17.33,242,8.58,50.8,18.8,hydraulic_press,normal,automatic
MC-PR-0000318,2026-02-08,Vadodara,Line IV,P-Rao,MO-682742,15.87,692,7.88,67.8,9.5,Milling_center,normal,automatic
MC-PR-0000319,2026-06-24,Pune,Line III,S-Iyer,MO-742254,11.72,501,3.21,89.6,6.6,hydraulic_press,light,automatic
MC-PR-0000320,2026-04-28,Coimbatore,Line II,R-Mehta,MO-448480,6.57,424,12.09,,22.1,hydraulic_press,light,Automatic
MC-PR-0000321,2026-02-25,Hyderabad,Line III,A-Khan,MO-701923,3.72,378,10.34,84.7,5.8,hydraulic_press,light,automatic
MC-PR-0000322,2026-03-11,Hyderabad,Line II,A-Khan,MO-684886,1.63,291,1.85,75.4,19.9,milling_center,normal,manual
MC-PR-0000323,2026-07-27,Pune,Line I,S-Iyer,MO-265833,12.52,551,4.88,64.3,14.1,milling_center,heavy,automatic
MC-PR-0000324,2026-06-05,Hyderabad,Line I,A-Khan,MO-729375,16.89,507,7.51,84.3,7.6,milling_center,normal,automatic
MC-PR-0000325,2026-02-17,Vadodara,Line I,P-Rao,MO-974702,12.17,69,5.38,77.7,12.6,milling_center,light,manual
MC-PR-0000326,2026-03-18,Hyderabad,Line I,R-Mehta,MO-876959,14.0,112,2.45,76.7,12.8,hydraulic_press,normal,automatic
MC-PR-0000327,2026-01-09,Hyderabad,Line III,A-Khan,MO-692638,11.54,359,1.94,91.3,21.1,milling_center,normal,automatic
MC-PR-0000328,2026-03-28,Coimbatore,Line IV,R-Mehta,MO-243753,6.99,178,9.8,48.5,18.3,milling_center,cyclic,automatic
MC-PR-0000329,2026-06-07,Coimbatore,Line I,P-Rao,MO-695838,12.26,54,1.56,90.6,13.5,milling_center,normal,automatic
MC-PR-0000330,2026-07-24,Pune,Line I,P-Rao,MO-967611,2.65,361,9.8,93.6,9.2,hydraulic_press,normal,automatic
MC-PR-0000331,2026-06-26,Chennai,Line IV,P-Rao,MO-660484,6.22,283,10.44,55.7,4.0,cnc_lathe,light,automatic
MC-PR-0000332,2026-02-10,Chennai,Line II,S-Iyer,MO-231836,10.18,427,2.34,97.5,14.5,hydraulic_press,cyclic, AUTOMATIC 
MC-PR-0000333,2026-02-03,Hyderabad,Line II,A-Khan,MO-588801,4.79,328,1.04,67.4,20.4,cnc_lathe,light,manual
MC-PR-0000334,2026-02-09,Pune,Line III,S-Iyer,MO-679923,1.49,321,2.34,,15.9,hydraulic_press,normal,automatic
MC-PR-0000335,2026-06-23,Coimbatore,Line I,A-Khan,MO-565999,3.61,267,9.37,60.9,7.2,milling_center,light,automatic
MC-PR-0000336,2026-03-06,Hyderabad,Line IV,S-Iyer,MO-424633,3.57,391,2.48,105.2,13.3,hydraulic_press,heavy,automatic
MC-PR-0000337,2026-07-21,Hyderabad,Line I,R-Mehta,MO-777107,7.16,432,5.67,103.6,7.3,milling_center,light,automatic
MC-PR-0000338,2026-05-25,Pune,Line I,A-Khan,MO-981695,12.01,560,5.82,58.0,5.0,cnc_lathe,light,automatic
MC-PR-0000339,2026-05-17,Chennai,Line I,A-Khan,MO-275133,7.2,401,3.71,45.9,10.8,hydraulic_press,normal,manual
MC-PR-0000340,2026-06-21,Hyderabad,Line II,R-Mehta,MO-676085,9.27,712,5.02,48.6,14.3,milling_center,cyclic,automatic
MC-PR-0000341,2026-02-02,Coimbatore,Line IV,P-Rao,MO-146325,4.59,83,9.96,64.0,7.0,hydraulic_press,light,automatic
MC-PR-0000342,2026-06-30,Pune,Line III,P-Rao,MO-866330,14.1,306,4.95,64.0,18.3,hydraulic_press,heavy,manual
MC-PR-0000343,2026-08-28,Vadodara,Line III,R-Mehta,MO-689070,6.73,685,4.7,83.0,21.8,hydraulic_press,normal,automatic
MC-PR-0000344,2026-04-26,Coimbatore,Line III,R-Mehta,MO-269526,9.03,638,5.6,105.2,22.4,hydraulic_press,light,automatic
MC-PR-0000345,2026-02-13,Vadodara,Line IV,A-Khan,MO-149918,6.8,233,13.77,,18.9,hydraulic_press,normal,manual
MC-PR-0000346,2026-04-26,Chennai,Line IV,R-Mehta,MO-827174,5.07,106,6.85,76.6,20.5,milling_center,heavy,automatic
MC-PR-0000347,2026-05-01,Chennai,Line III,S-Iyer,MO-821742,3.44,668,9.54,73.2,22.3,milling_center,normal,manual
MC-PR-0000348,2026-01-19,Vadodara,Line IV,A-Khan,MO-559366,5.39,199,11.94,96.4,17.3,cnc_lathe,light,automatic
MC-PR-0000349,2026-03-24,Pune,Line III,S-Iyer,MO-954243,3.35,650,10.95,103.8,9.0,milling_center,cyclic,automatic
MC-PR-0000350,2026-03-17,Chennai,Line IV,A-Khan,MO-316458,2.91,613,1.63,38.8,8.5,cnc_lathe,heavy,manual
MC-PR-0000351,2026-03-04,Hyderabad,Line III,R-Mehta,MO-148665,16.98,560,12.07,49.2,16.3,cnc_lathe,light,Manual
MC-PR-0000352,2026-07-06,Hyderabad,Line II,A-Khan,MO-556940,3.79,465,10.66,48.3,,hydraulic_press,cyclic,automatic
MC-PR-0000353,2026-08-20,Pune,Line III,R-Mehta,MO-924184,7.95,127,6.4,45.6,17.5,cnc_lathe,heavy,automatic
MC-PR-0000354,2026-07-22,Chennai,Line I,S-Iyer,MO-890974,10.51,562,7.67,97.5,14.1,cnc_lathe,normal,automatic
MC-PR-0000355,2026-03-22,Chennai,Line II,P-Rao,MO-368351,13.08,21,2.15,66.3,15.6,milling_center,normal,automatic
MC-PR-0000356,2026-04-20,Hyderabad,Line I,P-Rao,MO-366871,1.7,156,7.37,110.8,17.5,milling_center,light,manual
MC-PR-0000357,2026-08-14,Hyderabad,Line III,S-Iyer,MO-892885,12.52,146,6.14,57.5,9.8,cnc_lathe,heavy,manual
MC-PR-0000358,2026-03-11,Coimbatore,Line III,S-Iyer,MO-241498,16.44,623,9.23,44.4,19.1,hydraulic_press,normal,manual
MC-PR-0000359,2026-07-08,Pune,Line IV,S-Iyer,MO-914980,9.21,495,12.58,49.8,11.0,cnc_lathe,normal,automatic
MC-PR-0000360,2026-08-15,Pune,Line II,S-Iyer,MO-187209,2.77,489,10.18,54.8,6.6,cnc_lathe,heavy,manual
MC-PR-0000361,2026-01-22,Vadodara,Line III,P-Rao,MO-278359,11.8,499,5.93,63.6,20.5,hydraulic_press,heavy, MANUAL 
MC-PR-0000362,2026-05-31,Coimbatore,Line IV,R-Mehta,MO-672034,5.35,424,3.34,100.4,17.5,cnc_lathe,heavy,manual
MC-PR-0000363,2026-02-25,Pune,Line II,P-Rao,MO-877654,6.21,333,6.82,72.2,6.1,hydraulic_press,cyclic,automatic
MC-PR-0000364,2026-03-07,Pune,Line IV,R-Mehta,MO-560558,0.7,699,7.17,84.6,13.3,milling_center,light,automatic
MC-PR-0000365,2026-04-17,Pune,Line I,P-Rao,MO-791084,10.9,123,1.87,78.9,, MILLING_CENTER ,normal,manual
MC-PR-0000366,2026-01-13,Chennai,Line IV,P-Rao,MO-537791,9.14,91,3.52,94.5,17.3,hydraulic_press,cyclic,automatic
MC-PR-0000367,2026-04-30,Chennai,Line IV,R-Mehta,MO-747458,7.72,522,13.34,104.0,16.7,cnc_lathe,normal,manual
MC-PR-0000368,2026-02-19,Coimbatore,Line III,S-Iyer,MO-127956,6.66,667,8.16,39.3,5.8,hydraulic_press,normal,automatic
MC-PR-0000369,2026-01-18,Hyderabad,Line III,S-Iyer,MO-583937,2.29,429,4.19,45.4,15.4,milling_center,light,manual
MC-PR-0000370,2026-07-06,Chennai,Line II,A-Khan,MO-769698,6.67,103,11.48,107.1,8.5,cnc_lathe,light,manual
MC-PR-0000371,2026-04-12,Coimbatore,Line III,A-Khan,MO-491601,0.71,676,8.4,111.4,5.2,milling_center,light,automatic
MC-PR-0000372,2026-01-22,Vadodara,Line II,R-Mehta,MO-450592,6.03,608,11.14,45.9,10.6,cnc_lathe,cyclic,automatic
MC-PR-0000373,2026-06-19,Vadodara,Line III,R-Mehta,MO-471083,15.33,617,1.38,53.5,20.3,milling_center,heavy,automatic
MC-PR-0000374,2026-05-20,Chennai,Line I,R-Mehta,MO-539467,3.9,434,5.95,103.1,6.3,milling_center,normal,automatic
MC-PR-0000375,2026-01-21,Vadodara,Line IV,A-Khan,MO-193584,5.57,652,,62.9,5.0,hydraulic_press,normal,manual
MC-PR-0000376,2026-01-10,Pune,Line II,R-Mehta,MO-238288,16.2,286,8.31,55.4,19.9,cnc_lathe,heavy,manual
MC-PR-0000377,2026-03-24,Chennai,Line I,R-Mehta,MO-772091,14.59,531,12.53,104.6,10.9,cnc_lathe,cyclic,manual
MC-PR-0000378,2026-04-16,Hyderabad,Line III,S-Iyer,MO-878485,6.13,467,8.26,65.1,8.0,milling_center,normal,automatic
MC-PR-0000379,2026-08-03,Vadodara,Line I,P-Rao,MO-158321,12.34,518,10.78,80.3,19.3,hydraulic_press,cyclic,automatic
MC-PR-0000380,2026-07-22,Coimbatore,Line III,R-Mehta,MO-945552,2.32,307,11.29,80.2,8.9,hydraulic_press,heavy,automatic
MC-PR-0000381,2026-04-09,Hyderabad,Line IV,R-Mehta,MO-550440,14.9,103,3.93,82.0,14.1,cnc_lathe,heavy,automatic
MC-PR-0000382,2026-06-06,Coimbatore,Line II,P-Rao,MO-306230,3.68,318,13.07,41.3,12.7,cnc_lathe,Normal,automatic
MC-PR-0000383,2026-03-20,Chennai,Line II,R-Mehta,MO-984857,6.29,308,10.4,70.8,6.3,Milling_center,normal,automatic
MC-PR-0000384,2026-07-01,Coimbatore,Line I,A-Khan,MO-675627,10.75,533,1.18,93.5,13.6,cnc_lathe,cyclic,automatic
MC-PR-0000385,2026-02-07,Pune,Line III,P-Rao,MO-947242,9.94,143,9.45,,9.1,Milling_center,normal,automatic
MC-PR-0000386,2026-02-06,Coimbatore,Line II,S-Iyer,MO-886130,12.56,484,2.57,111.1,18.6,milling_center,light,manual
MC-PR-0000387,2026-04-02,Pune,Line III,S-Iyer,MO-481818,14.29,627,12.83,105.9,5.6,cnc_lathe,heavy,automatic
MC-PR-0000388,2026-04-29,Coimbatore,Line I,A-Khan,MO-565167,12.97,248,12.47,76.8,16.3,milling_center,cyclic,automatic
MC-PR-0000389,2026-05-11,Vadodara,Line III,S-Iyer,MO-189985,5.53,392,8.79,85.7,4.5,milling_center,cyclic,automatic
MC-PR-0000390,2026-08-27,Chennai,Line I,P-Rao,MO-673244,4.13,341,2.95,68.5,11.7,cnc_lathe, LIGHT ,automatic
MC-PR-0000391,2026-08-28,Pune,Line IV,R-Mehta,MO-851147,14.29,190,9.19,44.6,11.3,hydraulic_press,light, MANUAL 
MC-PR-0000392,2026-02-12,Vadodara,Line I,A-Khan,MO-811210,0.77,488,10.03,97.1,19.4,milling_center,light,automatic
MC-PR-0000393,2026-05-09,Vadodara,Line IV,R-Mehta,MO-263108,6.31,407,1.88,42.1,11.5,hydraulic_press,normal,Manual
MC-PR-0000394,2026-04-01,Chennai,Line I,A-Khan,MO-398121,7.36,91,0.93,60.4,,hydraulic_press,normal,manual
MC-PR-0000395,2026-03-19,Vadodara,Line II,R-Mehta,MO-784920,2.26,561,4.28,90.2,7.9,cnc_lathe,normal,manual
MC-PR-0000396,2026-03-31,Coimbatore,Line IV,S-Iyer,MO-643612,10.86,547,1.6,86.7,15.7,hydraulic_press,normal,automatic
MC-PR-0000397,2026-01-06,Pune,Line I,P-Rao,MO-523678,3.6,640,12.46,89.6,21.8,milling_center,normal,automatic
MC-PR-0000398,2026-08-03,Hyderabad,Line II,A-Khan,MO-917780,9.45,109,8.22,82.5,4.3,milling_center, LIGHT ,automatic
MC-PR-0000399,2026-08-28,Chennai,Line III,R-Mehta,MO-137665,16.52,648,,101.1,11.9,cnc_lathe,heavy,automatic
MC-PR-0000400,2026-04-27,Vadodara,Line IV,R-Mehta,MO-564858,7.97,38,1.87,73.0,11.4,cnc_lathe,heavy,manual
MC-PR-0000401,2026-04-06,Hyderabad,Line II,A-Khan,MO-963481,1.25,537,5.94,72.1,12.6,milling_center,cyclic,manual
MC-PR-0000402,2026-03-14,Hyderabad,Line II,R-Mehta,MO-980001,1.32,288,11.81,53.5,17.3,cnc_lathe,normal,manual
MC-PR-0000403,2026-06-09,Coimbatore,Line IV,P-Rao,MO-810327,2.76,524,5.65,51.9,6.1,milling_center,heavy,automatic
MC-PR-0000404,2026-04-11,Chennai,Line II,R-Mehta,MO-227445,10.45,718,,43.1,16.7,milling_center,normal,manual
MC-PR-0000405,2026-01-22,Pune,Line III,S-Iyer,MO-425299,16.54,475,3.88,78.6,4.1,milling_center,normal,automatic
MC-PR-0000406,2026-04-30,Pune,Line I,A-Khan,MO-534252,10.62,266,6.33,63.5,16.9,milling_center,normal,automatic
MC-PR-0000407,2026-06-28,Chennai,Line II,R-Mehta,MO-956940,14.16,579,12.45,110.4,22.7,milling_center,normal,automatic
MC-PR-0000408,2026-05-20,Coimbatore,Line II,A-Khan,MO-299778,11.35,119,0.92,53.8,13.3,hydraulic_press,normal,automatic
MC-PR-0000409,2026-05-15,Hyderabad,Line I,P-Rao,MO-396825,13.46,540,3.34,99.9,5.0,milling_center,cyclic,automatic
MC-PR-0000410,2026-08-23,Vadodara,Line IV,A-Khan,MO-620733,8.24,112,6.65,69.0,13.7,milling_center,cyclic,automatic
MC-PR-0000411,2026-01-17,Hyderabad,Line III,A-Khan,MO-856630,8.05,527,11.91,106.7,7.3,cnc_lathe,light,manual
MC-PR-0000412,2026-01-12,Pune,Line III,A-Khan,MO-889384,1.72,108,8.55,59.2,9.8,hydraulic_press,Normal,automatic
MC-PR-0000413,2026-02-02,Coimbatore,Line IV,S-Iyer,MO-536504,1.06,415,1.98,109.9,22.2,cnc_lathe,normal,manual
MC-PR-0000414,2026-01-19,Pune,Line IV,S-Iyer,MO-589428,2.37,504,6.64,83.4,13.8,cnc_lathe, LIGHT ,automatic
MC-PR-0000415,2026-05-11,Chennai,Line III,R-Mehta,MO-504593,13.72,22,4.53,60.9,21.7,milling_center,normal,automatic
MC-PR-0000416,2026-03-06,Vadodara,Line III,S-Iyer,MO-605682,16.56,14,11.58,82.7,9.8,hydraulic_press,normal,manual
MC-PR-0000417,2026-01-10,Coimbatore,Line IV,R-Mehta,MO-405716,15.26,526,6.66,105.5,10.6,hydraulic_press,heavy,automatic
MC-PR-0000418,2026-03-19,Vadodara,Line I,S-Iyer,MO-790353,1.78,95,8.74,54.9,9.5,cnc_lathe,light,manual
MC-PR-0000419,2026-04-23,Coimbatore,Line II,R-Mehta,MO-461034,16.01,635,1.95,70.5,6.1,milling_center,heavy,manual
MC-PR-0000420,2026-06-29,Chennai,Line IV,R-Mehta,MO-198464,3.18,184,7.2,75.9,14.3,milling_center,heavy,automatic
MC-PR-0000421,2026-01-15,Chennai,Line II,R-Mehta,MO-972355,2.67,681,3.98,48.9,10.4,Hydraulic_press,light,automatic
MC-PR-0000422,2026-02-15,Hyderabad,Line I,A-Khan,MO-981046,2.28,185,6.0,38.7,22.0,cnc_lathe,cyclic,manual
MC-PR-0000423,2026-01-18,Hyderabad,Line IV,P-Rao,MO-336331,17.24,170,5.93,89.5,19.3,milling_center,heavy,manual
MC-PR-0000424,2026-02-10,Chennai,Line III,R-Mehta,MO-606442,10.98,641,12.55,96.2,4.6,cnc_lathe,heavy,manual
MC-PR-0000425,2026-07-08,Hyderabad,Line III,R-Mehta,MO-436302,10.33,287,4.41,93.1,10.5,cnc_lathe,normal,automatic
MC-PR-0000426,2026-05-14,Pune,Line II,P-Rao,MO-489831,10.29,379,11.18,68.3,11.9,cnc_lathe,cyclic,automatic
MC-PR-0000427,2026-07-29,Pune,Line III,R-Mehta,MO-176925,17.73,227,13.84,70.8,10.2,milling_center,normal,automatic
MC-PR-0000428,2026-01-06,Hyderabad,Line III,P-Rao,MO-522547,0.77,323,12.04,67.1,5.8,cnc_lathe,heavy,automatic
MC-PR-0000429,2026-06-29,Vadodara,Line IV,P-Rao,MO-252474,0.83,205,12.92,61.3,11.0,cnc_lathe,normal,manual
MC-PR-0000430,2026-05-13,Hyderabad,Line III,P-Rao,MO-480331,5.26,15,11.33,52.2,6.5,cnc_lathe,heavy,manual
MC-PR-0000431,2026-07-19,Vadodara,Line II,S-Iyer,MO-224957,16.17,431,,53.7,16.0,milling_center,cyclic,automatic
MC-PR-0000432,2026-01-27,Coimbatore,Line II,R-Mehta,MO-237297,15.97,275,7.24,98.2,21.3,milling_center,normal,automatic
MC-PR-0000433,2026-04-16,Hyderabad,Line III,A-Khan,MO-255328,10.66,217,7.18,104.0,7.6,hydraulic_press, CYCLIC ,manual
MC-PR-0000434,2026-06-28,Vadodara,Line III,S-Iyer,MO-439419,11.64,370,13.61,96.8,10.6,milling_center,heavy,automatic
MC-PR-0000435,2026-03-19,Coimbatore,Line II,P-Rao,MO-443637,13.13,459,3.88,41.2,14.1,cnc_lathe,light,manual
MC-PR-0000436,2026-08-23,Hyderabad,Line IV,P-Rao,MO-813613,13.64,553,2.14,103.6,21.6,milling_center,heavy,manual
MC-PR-0000437,2026-06-27,Pune,Line II,S-Iyer,MO-352921,4.77,538,11.29,51.7,15.4,milling_center,cyclic,automatic
MC-PR-0000438,2026-03-28,Pune,Line IV,S-Iyer,MO-784348,12.5,68,10.19,67.9,6.2,hydraulic_press,Heavy,manual
MC-PR-0000439,2026-01-08,Pune,Line IV,S-Iyer,MO-837450,7.39,537,13.8,109.4,20.1,milling_center,normal,manual
MC-PR-0000440,2026-03-19,Pune,Line III,R-Mehta,MO-253403,0.64,626,0.94,88.1,19.9,hydraulic_press,light,manual
MC-PR-0000441,2026-02-04,Hyderabad,Line II,A-Khan,MO-293401,6.46,433,8.23,57.8,10.3,milling_center,heavy,automatic
MC-PR-0000442,2026-02-09,Vadodara,Line I,P-Rao,MO-365310,7.32,92,0.78,59.6,12.1,hydraulic_press,light,automatic
MC-PR-0000443,2026-06-25,Pune,Line II,A-Khan,MO-843705,4.07,160,5.53,86.2,7.2,hydraulic_press,normal,manual
MC-PR-0000444,2026-08-22,Coimbatore,Line I,P-Rao,MO-263496,7.51,606,12.75,,22.2,cnc_lathe,light,automatic
MC-PR-0000445,2026-08-05,Vadodara,Line III,A-Khan,MO-872106,6.46,37,7.31,103.6,7.5,cnc_lathe,normal,automatic
MC-PR-0000446,2026-04-03,Chennai,Line I,P-Rao,MO-177370,13.33,691,11.43,62.5,22.1,milling_center,normal,automatic
MC-PR-0000447,2026-05-24,Vadodara,Line IV,P-Rao,MO-489676,10.41,44,11.44,95.3,14.0,milling_center,normal,manual
MC-PR-0000448,2026-08-08,Chennai,Line II,A-Khan,MO-617591,15.18,621,8.06,70.1,,cnc_lathe,heavy,automatic
MC-PR-0000449,2026-04-27,Vadodara,Line IV,A-Khan,MO-496621,9.06,37,11.98,111.6,7.7,cnc_lathe,heavy,manual
MC-PR-0000450,2026-03-18,Hyderabad,Line III,P-Rao,MO-297508,9.76,510,11.13,107.7,8.6,cnc_lathe,heavy,automatic
MC-PR-0000451,2026-01-18,Chennai,Line I,P-Rao,MO-918523,4.95,697,9.17,111.3,4.9,milling_center,normal,manual
MC-PR-0000452,2026-03-28,Hyderabad,Line II,P-Rao,MO-299787,11.0,389,13.88,86.1,5.1,milling_center,heavy,manual
MC-PR-0000453,2026-07-16,Vadodara,Line I,R-Mehta,MO-870723,11.59,173,2.53,41.3,12.4,milling_center,normal,automatic
MC-PR-0000454,2026-05-23,Hyderabad,Line II,R-Mehta,MO-384699,8.76,304,0.96,75.4,9.2,cnc_lathe,heavy,automatic
MC-PR-0000455,2026-01-01,Vadodara,Line II,S-Iyer,MO-325908,15.55,124,2.37,107.0,8.8,milling_center,cyclic,manual
MC-PR-0000456,2026-02-12,Chennai,Line IV,S-Iyer,MO-860900,2.55,540,,92.8,14.4,milling_center,normal,automatic
MC-PR-0000457,2026-06-06,Pune,Line I,P-Rao,MO-397670,12.85,440,6.34,54.6,9.7,hydraulic_press,heavy,manual
MC-PR-0000458,2026-03-31,Chennai,Line I,S-Iyer,MO-813008,16.65,87,5.3,97.3,13.4,cnc_lathe,cyclic,automatic
MC-PR-0000459,2026-03-23,Coimbatore,Line II,S-Iyer,MO-433068,11.66,391,5.38,73.6,19.9,cnc_lathe,cyclic,automatic
MC-PR-0000460,2026-03-25,Chennai,Line I,A-Khan,MO-869138,9.65,106,,94.5,5.5,milling_center,cyclic,manual
MC-PR-0000461,2026-06-04,Coimbatore,Line IV,P-Rao,MO-892502,8.88,540,8.84,56.8,8.3,cnc_lathe,light,manual
MC-PR-0000462,2026-05-22,Vadodara,Line II,P-Rao,MO-756899,9.73,43,,67.4,6.9,milling_center,light,automatic
MC-PR-0000463,2026-07-19,Coimbatore,Line IV,R-Mehta,MO-169854,5.4,694,13.19,83.2,7.1,cnc_lathe,normal,manual
MC-PR-0000464,2026-08-05,Coimbatore,Line I,P-Rao,MO-864895,2.53,653,9.07,52.2,22.6,cnc_lathe,normal,manual
MC-PR-0000465,2026-01-03,Hyderabad,Line III,A-Khan,MO-702946,6.59,463,13.99,47.4,9.0,milling_center,cyclic,manual
MC-PR-0000466,2026-05-31,Vadodara,Line II,P-Rao,MO-742170,6.54,139,6.56,76.1,19.8,hydraulic_press,Normal,automatic
MC-PR-0000467,2026-04-02,Vadodara,Line III,P-Rao,MO-971489,12.54,599,0.98,63.3,13.9,cnc_lathe,light,automatic
MC-PR-0000468,2026-04-03,Chennai,Line III,R-Mehta,MO-261687,12.97,42,2.78,45.1,, CNC_LATHE ,cyclic,manual
MC-PR-0000469,2026-08-06,Chennai,Line II,S-Iyer,MO-485687,12.12,632,13.99,96.2,6.7,cnc_lathe,heavy,automatic
MC-PR-0000470,2026-02-16,Chennai,Line III,P-Rao,MO-642198,3.61,710,7.53,50.8,20.3,cnc_lathe,cyclic,automatic
MC-PR-0000471,2026-07-23,Chennai,Line I,S-Iyer,MO-817597,14.55,234,9.15,71.4,5.3,hydraulic_press,normal,Automatic
MC-PR-0000472,2026-08-09,Chennai,Line IV,A-Khan,MO-404611,15.5,299,10.92,71.1,6.6,cnc_lathe,heavy,manual
MC-PR-0000473,2026-05-13,Hyderabad,Line III,R-Mehta,MO-963936,13.01,533,10.7,80.0,12.3,cnc_lathe,normal,Manual
MC-PR-0000474,2026-06-28,Hyderabad,Line III,S-Iyer,MO-699072,0.63,152,3.09,87.8,6.6,cnc_lathe,cyclic,automatic
MC-PR-0000475,2026-05-20,Hyderabad,Line II,P-Rao,MO-196170,4.64,133,8.44,48.9,8.8,milling_center,cyclic,automatic
MC-PR-0000476,2026-04-19,Hyderabad,Line I,P-Rao,MO-129975,1.78,490,5.82,70.4,15.1,milling_center,Cyclic,Automatic
MC-PR-0000477,2026-02-09,Hyderabad,Line II,R-Mehta,MO-994584,11.76,594,4.65,108.9,15.5,hydraulic_press,heavy,automatic
MC-PR-0000478,2026-03-03,Pune,Line IV,A-Khan,MO-963324,10.67,580,2.67,89.5,12.6,cnc_lathe,heavy,automatic
MC-PR-0000479,2026-07-20,Coimbatore,Line III,A-Khan,MO-447611,16.45,451,13.19,46.6,22.2,hydraulic_press,heavy,automatic
MC-PR-0000480,2026-08-27,Pune,Line IV,A-Khan,MO-492891,5.45,26,4.89,53.4,18.1,milling_center,normal,automatic
MC-PR-0000481,2026-07-28,Hyderabad,Line IV,R-Mehta,MO-396465,4.9,528,8.32,71.1,21.3,hydraulic_press,normal,automatic
MC-PR-0000482,2026-08-02,Vadodara,Line III,S-Iyer,MO-998321,5.15,658,10.97,95.3,19.1,cnc_lathe,normal,manual
MC-PR-0000483,2026-02-11,Vadodara,Line I,S-Iyer,MO-207218,16.88,454,13.85,95.6,4.4,cnc_lathe,heavy, MANUAL 
MC-PR-0000484,2026-01-29,Vadodara,Line I,S-Iyer,MO-139334,4.13,248,6.5,99.7,15.5,milling_center,normal,automatic
MC-PR-0000485,2026-01-14,Coimbatore,Line III,A-Khan,MO-462833,12.23,515,5.9,84.8,21.5,milling_center,cyclic,automatic
MC-PR-0000486,2026-05-23,Vadodara,Line II,S-Iyer,MO-486869,1.92,322,6.18,74.4,5.6,milling_center,light,manual
MC-PR-0000487,2026-07-28,Vadodara,Line IV,R-Mehta,MO-216753,7.52,236,7.17,109.8,7.0,milling_center,normal,automatic
MC-PR-0000488,2026-03-08,Coimbatore,Line III,P-Rao,MO-435151,2.11,608,2.15,65.8,4.3,milling_center,cyclic,automatic
MC-PR-0000489,2026-06-16,Chennai,Line III,S-Iyer,MO-467602,11.26,413,13.04,93.3,4.4,cnc_lathe,heavy,manual
MC-PR-0000490,2026-05-19,Chennai,Line II,R-Mehta,MO-261172,2.85,565,4.75,38.8,9.3,milling_center,heavy,automatic
MC-PR-0000491,2026-05-03,Pune,Line I,R-Mehta,MO-142749,11.93,692,11.6,102.0,4.4,hydraulic_press,cyclic,automatic
MC-PR-0000492,2026-03-06,Pune,Line I,A-Khan,MO-211641,11.47,322,2.75,,21.4, CNC_LATHE ,cyclic,manual
MC-PR-0000493,2026-01-10,Pune,Line III,P-Rao,MO-188325,8.16,70,6.95,46.4,6.4,cnc_lathe,light,automatic
MC-PR-0000494,2026-03-10,Hyderabad,Line IV,P-Rao,MO-157935,0.42,214,12.73,48.1,5.3,hydraulic_press,light,manual
MC-PR-0000495,2026-01-03,Hyderabad,Line IV,R-Mehta,MO-938259,12.27,537,6.41,54.0,11.7,cnc_lathe,light,automatic
MC-PR-0000496,2026-04-26,Pune,Line III,A-Khan,MO-890516,3.2,259,4.09,52.5,22.2,cnc_lathe,normal,automatic
MC-PR-0000497,2026-05-25,Vadodara,Line I,P-Rao,MO-589962,9.59,362,8.08,94.6,,cnc_lathe,light,automatic
MC-PR-0000498,2026-08-25,Vadodara,Line IV,S-Iyer,MO-776966,14.94,538,8.37,66.8,,Hydraulic_press,heavy,automatic
MC-PR-0000499,2026-07-31,Coimbatore,Line I,R-Mehta,MO-403589,8.14,352,13.5,56.2,17.9,milling_center,light,automatic
MC-PR-0000500,2026-02-08,Hyderabad,Line II,A-Khan,MO-600122,10.06,171,10.34,112.0,22.2,milling_center,normal,automatic
MC-PR-0000501,2026-04-23,Chennai,Line IV,A-Khan,MO-925818,3.87,340,12.3,54.4,16.1,milling_center,normal,automatic
MC-PR-0000502,2026-01-25,Coimbatore,Line I,R-Mehta,MO-587021,9.15,353,4.79,,12.7,cnc_lathe,normal,automatic
MC-PR-0000503,2026-03-10,Chennai,Line II,S-Iyer,MO-939557,17.85,711,6.87,49.4,22.9,milling_center,heavy,automatic
MC-PR-0000504,2026-05-10,Pune,Line III,A-Khan,MO-941624,8.22,327,1.07,102.5,13.0,hydraulic_press,cyclic,automatic
MC-PR-0000505,2026-04-26,Vadodara,Line I,P-Rao,MO-714628,12.02,100,3.12,69.3,,cnc_lathe,cyclic,automatic
MC-PR-0000506,2026-04-11,Pune,Line I,R-Mehta,MO-844100,6.8,569,13.82,97.6,9.3,milling_center,light,manual
MC-PR-0000507,2026-03-10,Hyderabad,Line II,R-Mehta,MO-147689,15.03,367,10.42,103.8,4.2,cnc_lathe,light,manual
MC-PR-0000508,2026-06-02,Chennai,Line III,A-Khan,MO-519136,16.51,352,10.96,,10.8,hydraulic_press,normal,automatic
MC-PR-0000509,2026-04-25,Chennai,Line I,S-Iyer,MO-555683,14.22,609,12.94,74.4,11.0,hydraulic_press,normal,Automatic
MC-PR-0000510,2026-01-16,Vadodara,Line IV,P-Rao,MO-976871,0.81,510,1.24,57.2,15.3,hydraulic_press,Normal,automatic
MC-PR-0000511,2026-05-02,Coimbatore,Line I,P-Rao,MO-962715,1.27,296,12.91,64.9,20.4,cnc_lathe,cyclic,manual
MC-PR-0000512,2026-05-12,Coimbatore,Line III,S-Iyer,MO-702201,15.78,512,12.13,40.0,7.9,cnc_lathe,heavy,manual
MC-PR-0000513,2026-06-08,Pune,Line III,R-Mehta,MO-723229,17.35,166,9.33,62.3,19.8,milling_center,heavy,manual
MC-PR-0000514,2026-02-05,Coimbatore,Line II,P-Rao,MO-918366,0.99,206,6.23,59.6,20.7,milling_center,heavy,manual
MC-PR-0000515,2026-03-18,Hyderabad,Line II,A-Khan,MO-726083,15.15,142,8.11,107.2,20.9,cnc_lathe,normal,automatic
MC-PR-0000516,2026-04-09,Coimbatore,Line III,A-Khan,MO-527855,15.61,145,12.51,54.2,18.5,milling_center,light,automatic
MC-PR-0000517,2026-02-11,Chennai,Line III,S-Iyer,MO-108375,1.45,512,2.91,89.2,12.0,hydraulic_press,cyclic,automatic
MC-PR-0000518,2026-03-31,Pune,Line III,A-Khan,MO-679708,4.24,73,3.79,39.0,20.1,hydraulic_press,heavy,automatic
MC-PR-0000519,2026-07-30,Chennai,Line IV,R-Mehta,MO-833105,16.99,577,11.07,58.7,20.8,cnc_lathe,cyclic,automatic
MC-PR-0000520,2026-03-28,Pune,Line I,A-Khan,MO-432471,15.59,245,8.36,86.7,17.8,cnc_lathe,normal,automatic
MC-PR-0000521,2026-03-02,Vadodara,Line IV,A-Khan,MO-235090,11.4,213,1.43,79.6,10.0,milling_center,normal,automatic
MC-PR-0000522,2026-02-19,Hyderabad,Line I,A-Khan,MO-315783,4.47,180,3.25,40.1,5.2,hydraulic_press, NORMAL ,automatic
MC-PR-0000523,2026-03-25,Vadodara,Line II,P-Rao,MO-784471,17.27,527,3.85,66.6,10.8,cnc_lathe,light,manual
MC-PR-0000524,2026-03-05,Hyderabad,Line I,P-Rao,MO-127928,14.94,681,9.17,84.7,20.8,cnc_lathe,heavy,automatic
MC-PR-0000525,2026-03-09,Vadodara,Line I,A-Khan,MO-438587,1.25,237,13.54,49.7,11.6,hydraulic_press,cyclic,automatic
MC-PR-0000526,2026-05-14,Vadodara,Line II,S-Iyer,MO-548339,9.4,381,10.71,109.2,18.4,milling_center,heavy,automatic
MC-PR-0000527,2026-04-16,Chennai,Line II,A-Khan,MO-776144,5.63,65,5.81,103.9,18.0,hydraulic_press,heavy,automatic
MC-PR-0000528,2026-05-30,Chennai,Line I,P-Rao,MO-938012,15.3,609,4.14,67.5,18.4,milling_center,normal,automatic
MC-PR-0000529,2026-08-23,Chennai,Line IV,R-Mehta,MO-177207,3.41,139,8.3,87.7,19.6,Hydraulic_press,Heavy,automatic
MC-PR-0000530,2026-06-12,Pune,Line I,P-Rao,MO-975166,12.05,311,12.34,79.3,14.0,milling_center,heavy,manual
MC-PR-0000531,2026-04-21,Chennai,Line IV,A-Khan,MO-101379,4.68,5,12.97,59.1,,milling_center,heavy,automatic
MC-PR-0000532,2026-02-19,Pune,Line IV,R-Mehta,MO-785101,10.18,444,1.65,91.2,8.1,cnc_lathe,light,automatic
MC-PR-0000533,2026-04-22,Vadodara,Line III,A-Khan,MO-571572,1.7,488,13.24,98.5,18.3,cnc_lathe,light,automatic
MC-PR-0000534,2026-03-22,Chennai,Line III,R-Mehta,MO-605262,1.76,481,13.7,41.8,4.5,Milling_center,light,automatic
MC-PR-0000535,2026-05-17,Coimbatore,Line II,R-Mehta,MO-662181,5.05,59,12.18,38.4,21.4,hydraulic_press,cyclic,automatic
MC-PR-0000536,2026-05-10,Pune,Line IV,P-Rao,MO-827563,5.93,290,1.68,51.8,22.9,milling_center,normal,automatic
MC-PR-0000537,2026-06-07,Hyderabad,Line II,P-Rao,MO-880432,13.55,127,13.71,91.0,12.3,cnc_lathe,normal,automatic
MC-PR-0000538,2026-06-01,Vadodara,Line IV,R-Mehta,MO-521220,5.56,166,1.63,110.1,15.6,hydraulic_press,light,automatic
MC-PR-0000539,2026-05-29,Pune,Line III,A-Khan,MO-823177,5.5,690,5.35,64.5,5.3,milling_center,cyclic,manual
MC-PR-0000540,2026-04-28,Pune,Line II,P-Rao,MO-828779,2.17,515,9.78,57.8,8.5,milling_center,cyclic,manual
MC-PR-0000541,2026-01-09,Vadodara,Line II,R-Mehta,MO-918754,17.48,247,3.14,102.8,18.3, CNC_LATHE ,normal,manual
MC-PR-0000542,2026-05-28,Pune,Line II,R-Mehta,MO-431294,11.91,247,8.55,84.4,8.2,cnc_lathe,light,automatic
MC-PR-0000543,2026-06-23,Vadodara,Line IV,A-Khan,MO-601252,1.08,663,,102.0,19.3,cnc_lathe,cyclic,manual
MC-PR-0000544,2026-05-25,Hyderabad,Line I,P-Rao,MO-357487,3.11,381,5.57,65.8,22.0,milling_center,normal, AUTOMATIC 
MC-PR-0000545,2026-03-25,Chennai,Line II,R-Mehta,MO-533890,12.27,330,11.59,,17.8,hydraulic_press,heavy,automatic
MC-PR-0000546,2026-01-07,Hyderabad,Line III,R-Mehta,MO-144465,13.52,168,4.7,101.3,8.7,milling_center,normal,automatic
MC-PR-0000547,2026-03-19,Hyderabad,Line I,R-Mehta,MO-435745,14.13,331,0.95,76.6,8.6,cnc_lathe,heavy,automatic
MC-PR-0000548,2026-01-18,Vadodara,Line III,P-Rao,MO-286469,1.08,622,6.2,64.6,10.5,milling_center,normal,automatic
MC-PR-0000549,2026-05-06,Chennai,Line I,A-Khan,MO-832176,15.87,222,10.68,86.7,22.2,milling_center,cyclic,manual
MC-PR-0000550,2026-08-28,Chennai,Line I,A-Khan,MO-208081,13.84,661,9.72,43.8,22.0,milling_center,heavy,manual
MC-PR-0000551,2026-04-07,Pune,Line III,P-Rao,MO-477422,4.18,48,5.87,39.4,,Cnc_lathe,cyclic,automatic
MC-PR-0000552,2026-03-21,Coimbatore,Line IV,A-Khan,MO-823527,7.92,345,2.49,39.1,23.0,milling_center,light,manual
MC-PR-0000553,2026-04-05,Vadodara,Line III,S-Iyer,MO-567433,4.65,413,4.85,42.5,18.0,milling_center,normal,automatic
MC-PR-0000554,2026-04-25,Pune,Line IV,R-Mehta,MO-830719,6.87,593,13.58,44.1,11.3,cnc_lathe,normal,automatic
MC-PR-0000555,2026-05-28,Hyderabad,Line II,R-Mehta,MO-233335,13.47,173,10.34,97.2,13.2,cnc_lathe,heavy,manual
MC-PR-0000556,2026-01-05,Pune,Line IV,S-Iyer,MO-777651,4.87,441,10.04,66.8,14.0,milling_center,normal,automatic
MC-PR-0000557,2026-03-06,Vadodara,Line IV,S-Iyer,MO-194203,17.6,133,1.48,53.5,16.9,milling_center,cyclic,manual
MC-PR-0000558,2026-02-24,Coimbatore,Line IV,R-Mehta,MO-383491,2.21,415,6.43,84.9,16.0,hydraulic_press,light,automatic
MC-PR-0000559,2026-02-08,Coimbatore,Line II,A-Khan,MO-784823,0.88,36,6.12,67.4,15.3,milling_center,heavy,manual
MC-PR-0000560,2026-01-25,Hyderabad,Line I,R-Mehta,MO-291710,5.36,163,8.56,109.2,11.8,cnc_lathe,heavy,automatic
MC-PR-0000561,2026-01-05,Coimbatore,Line II,P-Rao,MO-890629,4.85,412,11.45,,19.6,milling_center,normal,automatic
MC-PR-0000562,2026-08-14,Pune,Line IV,P-Rao,MO-675675,9.85,208,13.09,65.9,13.1,milling_center,normal,automatic
MC-PR-0000563,2026-02-23,Pune,Line IV,P-Rao,MO-606095,3.62,570,11.26,50.1,4.6,cnc_lathe,heavy,manual
MC-PR-0000564,2026-08-04,Coimbatore,Line I,S-Iyer,MO-390548,14.53,236,8.9,39.5,15.6,cnc_lathe,normal,Automatic
MC-PR-0000565,2026-03-06,Hyderabad,Line IV,S-Iyer,MO-459678,11.26,684,4.5,74.1,19.9,cnc_lathe,cyclic,automatic
MC-PR-0000566,2026-01-13,Vadodara,Line IV,P-Rao,MO-465205,11.0,309,6.39,94.0,6.4,milling_center,normal,manual
MC-PR-0000567,2026-02-20,Chennai,Line I,R-Mehta,MO-404553,0.81,30,2.78,70.4,16.2,cnc_lathe,normal,automatic
MC-PR-0000568,2026-01-20,Coimbatore,Line II,A-Khan,MO-343923,5.17,684,11.82,61.3,7.2,milling_center,cyclic,automatic
MC-PR-0000569,2026-07-20,Pune,Line IV,P-Rao,MO-902674,15.06,474,12.78,85.3,11.0,milling_center,normal,manual
MC-PR-0000570,2026-02-13,Vadodara,Line IV,S-Iyer,MO-201131,1.7,373,7.22,69.4,7.2,cnc_lathe,normal,automatic
MC-PR-0000571,2026-05-16,Pune,Line II,A-Khan,MO-899599,15.14,187,7.2,110.1,15.1,hydraulic_press,light,automatic
MC-PR-0000572,2026-05-07,Coimbatore,Line III,P-Rao,MO-778025,11.56,47,8.81,101.6,12.6,cnc_lathe,normal,manual
MC-PR-0000573,2026-02-24,Coimbatore,Line III,P-Rao,MO-149268,9.32,25,5.57,87.6,5.3,cnc_lathe,Normal,automatic
MC-PR-0000574,2026-06-16,Vadodara,Line III,A-Khan,MO-702797,15.32,100,1.48,101.0,15.5,cnc_lathe,heavy,automatic
MC-PR-0000575,2026-05-08,Chennai,Line II,R-Mehta,MO-676607,2.41,527,11.55,95.7,10.7,cnc_lathe,normal,manual
MC-PR-0000576,2026-02-24,Coimbatore,Line II,P-Rao,MO-623628,10.85,184,10.41,97.7,6.0,hydraulic_press,heavy,manual
MC-PR-0000577,2026-06-10,Pune,Line II,R-Mehta,MO-497243,14.23,11,9.59,72.5,12.8,milling_center,light,automatic
MC-PR-0000578,2026-03-14,Hyderabad,Line IV,P-Rao,MO-256535,11.9,197,12.45,47.1,21.0,milling_center,heavy,manual
MC-PR-0000579,2026-04-01,Pune,Line I,R-Mehta,MO-982887,16.19,702,2.59,78.0,21.6,cnc_lathe,normal,automatic
MC-PR-0000580,2026-08-07,Vadodara,Line III,A-Khan,MO-654773,11.91,77,4.82,86.7,16.9,hydraulic_press,normal,Automatic
MC-PR-0000581,2026-06-04,Pune,Line III,A-Khan,MO-706126,5.34,533,5.88,106.3,14.3,cnc_lathe,cyclic,automatic
MC-PR-0000582,2026-06-23,Pune,Line IV,R-Mehta,MO-311979,2.38,682,12.53,96.7,21.5,cnc_lathe,cyclic,automatic
MC-PR-0000583,2026-04-07,Vadodara,Line IV,P-Rao,MO-491659,14.09,513,4.08,75.4,10.3,milling_center,heavy,automatic
MC-PR-0000584,2026-02-24,Chennai,Line III,A-Khan,MO-474820,3.22,43,5.33,50.4,4.1,milling_center,light,automatic
MC-PR-0000585,2026-08-24,Pune,Line II,A-Khan,MO-819086,6.13,363,5.5,40.1,15.3,cnc_lathe,cyclic,manual
MC-PR-0000586,2026-04-21,Coimbatore,Line II,R-Mehta,MO-794349,15.55,324,4.38,82.1,22.2,milling_center,normal,automatic
MC-PR-0000587,2026-06-01,Pune,Line IV,S-Iyer,MO-355047,16.31,149,0.85,58.9,13.7,hydraulic_press,normal,automatic
MC-PR-0000588,2026-02-23,Coimbatore,Line III,P-Rao,MO-250392,17.86,16,2.09,45.7,21.6,hydraulic_press,normal,automatic
MC-PR-0000589,2026-07-07,Hyderabad,Line IV,P-Rao,MO-166628,17.32,465,3.91,81.1,10.3,cnc_lathe,cyclic,automatic
MC-PR-0000590,2026-03-28,Pune,Line IV,R-Mehta,MO-900255,3.22,290,4.55,91.4,12.9,cnc_lathe,normal,manual
MC-PR-0000591,2026-01-20,Pune,Line I,A-Khan,MO-949726,8.28,636,6.55,43.2,8.6,hydraulic_press,normal,automatic
MC-PR-0000592,2026-04-26,Vadodara,Line III,R-Mehta,MO-180023,11.36,130,7.73,83.8,14.5,milling_center,cyclic,manual
MC-PR-0000593,2026-04-06,Hyderabad,Line III,P-Rao,MO-207650,12.13,219,,84.6,6.1,cnc_lathe,normal,automatic
MC-PR-0000594,2026-07-14,Chennai,Line IV,R-Mehta,MO-799013,2.44,129,13.19,74.0,6.0,milling_center,normal,automatic
MC-PR-0000595,2026-02-23,Hyderabad,Line I,R-Mehta,MO-317157,9.87,112,4.45,43.6,11.8,cnc_lathe,light,automatic
MC-PR-0000596,2026-01-07,Hyderabad,Line II,R-Mehta,MO-826179,5.41,159,6.45,107.9,12.7,cnc_lathe,normal,automatic
MC-PR-0000597,2026-02-04,Hyderabad,Line I,R-Mehta,MO-549794,1.25,697,11.95,76.7,15.4,cnc_lathe,normal,automatic
MC-PR-0000598,2026-02-12,Coimbatore,Line III,P-Rao,MO-228624,10.37,498,13.15,62.0,17.8,hydraulic_press,heavy,automatic
MC-PR-0000599,2026-08-02,Vadodara,Line II,A-Khan,MO-693298,2.65,245,3.82,107.4,21.8,milling_center,normal,manual
MC-PR-0000600,2026-02-02,Hyderabad,Line II,P-Rao,MO-273244,13.72,517,1.63,57.0,7.8,hydraulic_press,heavy,manual
MC-PR-0000601,2026-06-24,Chennai,Line I,P-Rao,MO-119810,10.87,660,1.66,43.4,6.5,milling_center,heavy,automatic
MC-PR-0000602,2026-08-24,Chennai,Line IV,S-Iyer,MO-790360,5.55,577,4.26,42.8,19.4,milling_center,cyclic,manual
MC-PR-0000603,2026-07-22,Chennai,Line IV,P-Rao,MO-111350,6.66,407,5.84,76.4,19.7,cnc_lathe,normal,automatic
MC-PR-0000604,2026-08-04,Vadodara,Line II,A-Khan,MO-158861,4.16,399,11.47,56.3,14.1,hydraulic_press,normal,automatic
MC-PR-0000605,2026-03-30,Chennai,Line IV,R-Mehta,MO-947774,6.99,390,,84.0,20.5,hydraulic_press,light,automatic
MC-PR-0000606,2026-01-30,Vadodara,Line III,R-Mehta,MO-797493,1.37,135,2.2,61.9,4.7,hydraulic_press,normal,automatic
MC-PR-0000607,2026-03-24,Chennai,Line I,A-Khan,MO-379405,8.2,13,11.66,38.2,9.1,hydraulic_press,normal,automatic
MC-PR-0000608,2026-03-24,Pune,Line I,S-Iyer,MO-557308,11.69,659,12.86,108.6,14.4,cnc_lathe,normal,automatic
MC-PR-0000609,2026-05-13,Vadodara,Line I,A-Khan,MO-690310,7.18,96,6.74,79.1,17.9,hydraulic_press, NORMAL ,automatic
MC-PR-0000610,2026-03-04,Vadodara,Line III,R-Mehta,MO-287389,3.02,712,0.6,109.0,22.4,cnc_lathe,cyclic,automatic
MC-PR-0000611,2026-01-25,Chennai,Line III,S-Iyer,MO-463624,9.98,701,3.22,58.8,7.6,milling_center,normal,manual
MC-PR-0000612,2026-03-28,Pune,Line IV,R-Mehta,MO-996264,10.34,271,4.88,106.7,18.5,milling_center,heavy,automatic
MC-PR-0000613,2026-01-02,Chennai,Line II,P-Rao,MO-986841,14.26,162,8.02,56.6,14.5,milling_center,normal,manual
MC-PR-0000614,2026-01-15,Coimbatore,Line I,A-Khan,MO-286351,17.17,231,3.21,108.9,20.5,cnc_lathe,light,automatic
MC-PR-0000615,2026-08-01,Chennai,Line III,P-Rao,MO-568587,11.59,270,8.12,77.3,5.3,milling_center,light,automatic
MC-PR-0000616,2026-07-02,Pune,Line II,P-Rao,MO-905509,6.01,337,3.11,80.8,9.4,cnc_lathe,light,automatic
MC-PR-0000617,2026-06-03,Pune,Line II,S-Iyer,MO-324227,15.25,594,8.83,61.6,10.9,hydraulic_press,heavy,automatic
MC-PR-0000618,2026-03-23,Chennai,Line IV,R-Mehta,MO-247784,7.01,556,12.85,80.7,16.1,hydraulic_press,normal,automatic
MC-PR-0000619,2026-06-17,Chennai,Line I,A-Khan,MO-633205,13.15,655,11.0,90.4,23.0,cnc_lathe,light,manual
MC-PR-0000620,2026-03-13,Vadodara,Line II,A-Khan,MO-431354,4.29,473,3.97,50.2,,cnc_lathe,normal,automatic
MC-PR-0000621,2026-05-19,Hyderabad,Line I,P-Rao,MO-126807,12.75,656,12.84,94.3,8.6,hydraulic_press,light,automatic
MC-PR-0000622,2026-04-13,Coimbatore,Line I,S-Iyer,MO-218856,12.93,502,8.87,68.7,8.7,cnc_lathe,normal,manual
MC-PR-0000623,2026-08-27,Pune,Line III,S-Iyer,MO-993212,1.07,500,11.61,46.3,13.8,cnc_lathe,normal,automatic
MC-PR-0000624,2026-08-01,Vadodara,Line III,R-Mehta,MO-607765,11.67,43,13.03,53.4,12.4,cnc_lathe,normal,automatic
MC-PR-0000625,2026-05-26,Chennai,Line II,P-Rao,MO-113357,14.18,422,5.63,67.7,13.8,cnc_lathe,Light,manual
MC-PR-0000626,2026-03-01,Hyderabad,Line III,R-Mehta,MO-639511,12.65,613,7.82,49.6,20.2,milling_center,heavy,manual
MC-PR-0000627,2026-07-29,Coimbatore,Line III,S-Iyer,MO-265572,3.6,447,3.6,88.6,16.5,milling_center,heavy,manual
MC-PR-0000628,2026-01-19,Coimbatore,Line III,S-Iyer,MO-449752,6.14,142,9.65,78.2,17.4,milling_center,normal,automatic
MC-PR-0000629,2026-07-09,Hyderabad,Line IV,A-Khan,MO-442039,14.88,231,12.09,73.9,21.1,cnc_lathe,light,automatic
MC-PR-0000630,2026-05-02,Chennai,Line III,A-Khan,MO-172890,6.12,199,0.62,42.4,6.5,milling_center,heavy,automatic
MC-PR-0000631,2026-01-11,Pune,Line II,P-Rao,MO-741326,2.97,88,11.8,104.3,18.7,cnc_lathe,normal,automatic
MC-PR-0000632,2026-02-25,Hyderabad,Line I,S-Iyer,MO-702401,9.05,241,1.16,109.1,14.4,Milling_center,heavy,automatic
MC-PR-0000633,2026-02-18,Hyderabad,Line IV,P-Rao,MO-998028,10.25,17,5.83,78.2,20.0,cnc_lathe,normal,manual
MC-PR-0000634,2026-05-27,Coimbatore,Line III,P-Rao,MO-430623,8.24,719,12.98,49.6,14.6,cnc_lathe,heavy,automatic
MC-PR-0000635,2026-02-19,Hyderabad,Line II,R-Mehta,MO-775263,12.42,455,11.24,57.3,13.1,cnc_lathe,normal,Manual
MC-PR-0000636,2026-03-20,Hyderabad,Line II,P-Rao,MO-194377,2.75,553,3.83,98.5,6.2,hydraulic_press,heavy,manual
MC-PR-0000637,2026-03-21,Coimbatore,Line III,P-Rao,MO-299397,1.83,75,9.83,107.4,6.7,cnc_lathe,heavy,automatic
MC-PR-0000638,2026-05-25,Pune,Line IV,R-Mehta,MO-807640,1.81,658,5.59,44.6,5.8,hydraulic_press,light,manual
MC-PR-0000639,2026-03-16,Hyderabad,Line IV,R-Mehta,MO-470764,4.68,42,8.15,53.1,19.9,milling_center,normal,manual
MC-PR-0000640,2026-03-31,Chennai,Line IV,A-Khan,MO-933777,11.8,547,1.27,,7.4,milling_center,light,automatic
MC-PR-0000641,2026-07-12,Hyderabad,Line II,P-Rao,MO-386912,4.04,208,3.34,64.2,17.6,milling_center,normal,automatic
MC-PR-0000642,2026-05-07,Coimbatore,Line IV,P-Rao,MO-886925,16.66,450,11.15,81.7,6.6,cnc_lathe,cyclic,automatic
MC-PR-0000643,2026-08-09,Coimbatore,Line I,R-Mehta,MO-286201,12.46,581,9.34,58.8,12.6,hydraulic_press,light,manual
MC-PR-0000644,2026-01-07,Hyderabad,Line I,P-Rao,MO-789976,15.47,447,11.31,94.6,17.5,milling_center,cyclic,automatic
MC-PR-0000645,2026-07-26,Coimbatore,Line I,A-Khan,MO-994835,3.03,196,12.24,71.5,4.2,cnc_lathe,normal,automatic
MC-PR-0000646,2026-08-01,Vadodara,Line I,R-Mehta,MO-295397,16.43,550,8.19,83.6,6.0,hydraulic_press,light,manual
MC-PR-0000647,2026-05-28,Hyderabad,Line IV,S-Iyer,MO-229834,14.31,681,10.2,53.3,13.5,hydraulic_press,normal,automatic
MC-PR-0000648,2026-06-23,Chennai,Line III,A-Khan,MO-300503,11.0,121,10.56,71.8,4.5,cnc_lathe,cyclic,manual
MC-PR-0000649,2026-06-22,Pune,Line III,P-Rao,MO-196055,17.06,528,9.38,72.0,18.1,cnc_lathe,normal,manual
MC-PR-0000650,2026-04-30,Hyderabad,Line III,A-Khan,MO-987899,0.57,192,12.81,64.2,7.4,cnc_lathe,light, MANUAL 
MC-PR-0000651,2026-02-11,Vadodara,Line II,A-Khan,MO-212119,13.57,244,9.3,50.3,15.8,milling_center,Normal,automatic
MC-PR-0000652,2026-03-02,Coimbatore,Line III,R-Mehta,MO-858557,15.17,281,2.79,52.9,10.0,cnc_lathe,heavy,manual
MC-PR-0000653,2026-08-24,Chennai,Line III,R-Mehta,MO-362511,11.32,391,10.9,108.6,6.4,cnc_lathe,heavy,automatic
MC-PR-0000654,2026-04-26,Hyderabad,Line IV,P-Rao,MO-489892,8.34,70,12.79,39.9,13.3,hydraulic_press,light,automatic
MC-PR-0000655,2026-03-14,Hyderabad,Line I,P-Rao,MO-532321,0.45,419,1.12,40.9,14.5,milling_center,heavy,automatic
MC-PR-0000656,2026-01-20,Vadodara,Line I,A-Khan,MO-499048,12.1,600,6.34,102.0,15.5, MILLING_CENTER ,heavy,manual
MC-PR-0000657,2026-05-14,Coimbatore,Line III,R-Mehta,MO-760307,11.14,197,7.52,73.9,5.8,hydraulic_press,heavy,manual
MC-PR-0000658,2026-01-21,Vadodara,Line II,P-Rao,MO-847890,17.5,505,9.19,50.7,12.1,milling_center,heavy,manual
MC-PR-0000659,2026-06-10,Hyderabad,Line IV,P-Rao,MO-322877,2.01,414,7.93,87.1,8.0,cnc_lathe,normal,automatic
MC-PR-0000660,2026-01-17,Hyderabad,Line II,S-Iyer,MO-435902,16.07,621,10.26,81.7,10.3,cnc_lathe,light,automatic
MC-PR-0000661,2026-06-17,Pune,Line IV,A-Khan,MO-169081,3.94,496,8.85,42.6,17.2,milling_center,Cyclic,automatic
MC-PR-0000662,2026-07-15,Chennai,Line II,R-Mehta,MO-930340,14.82,265,7.08,58.3,13.5,cnc_lathe,normal,automatic
MC-PR-0000663,2026-04-11,Pune,Line I,R-Mehta,MO-257743,1.26,354,13.36,82.2,6.6,hydraulic_press,heavy, AUTOMATIC 
MC-PR-0000664,2026-01-06,Coimbatore,Line III,A-Khan,MO-788886,2.03,142,9.71,47.6,20.0,milling_center,cyclic,manual
MC-PR-0000665,2026-03-27,Chennai,Line I,A-Khan,MO-528271,3.17,431,1.96,109.2,12.7,milling_center,heavy,automatic
MC-PR-0000666,2026-01-29,Coimbatore,Line III,R-Mehta,MO-835817,17.75,294,1.52,64.3,12.8,cnc_lathe,normal,automatic
MC-PR-0000667,2026-04-29,Hyderabad,Line IV,S-Iyer,MO-498433,8.91,87,4.16,95.8,16.0,milling_center,cyclic,automatic
MC-PR-0000668,2026-04-02,Vadodara,Line I,R-Mehta,MO-630612,15.02,104,7.04,68.0,13.5,cnc_lathe,light,automatic
MC-PR-0000669,2026-08-27,Chennai,Line III,S-Iyer,MO-986713,2.25,416,1.13,96.1,15.9,cnc_lathe,heavy,automatic
MC-PR-0000670,2026-07-19,Vadodara,Line I,P-Rao,MO-270314,3.83,70,6.49,65.8,22.6,hydraulic_press,cyclic,automatic
MC-PR-0000671,2026-08-10,Coimbatore,Line III,R-Mehta,MO-562348,16.83,48,1.52,62.3,20.1,hydraulic_press,cyclic,manual
MC-PR-0000672,2026-02-27,Chennai,Line II,P-Rao,MO-745790,13.83,189,1.36,53.2,,milling_center,light,manual
MC-PR-0000673,2026-01-13,Chennai,Line II,S-Iyer,MO-608825,17.42,638,9.62,43.1,16.5,cnc_lathe,normal,automatic
MC-PR-0000674,2026-02-08,Vadodara,Line III,P-Rao,MO-660247,8.58,142,0.98,66.4,17.9,milling_center,heavy,manual
MC-PR-0000675,2026-08-25,Chennai,Line I,A-Khan,MO-505712,5.34,687,8.42,92.9,9.5,hydraulic_press,normal,manual
MC-PR-0000676,2026-01-28,Hyderabad,Line IV,R-Mehta,MO-952353,3.09,458,12.07,108.3,18.3,cnc_lathe,light,manual
MC-PR-0000677,2026-01-27,Hyderabad,Line I,R-Mehta,MO-606185,4.2,697,7.03,45.8,8.8,milling_center,normal,automatic
MC-PR-0000678,2026-08-03,Vadodara,Line III,A-Khan,MO-888778,1.07,479,12.48,,21.8,milling_center,light,manual
MC-PR-0000679,2026-02-21,Chennai,Line II,R-Mehta,MO-116061,14.61,111,10.09,66.3,4.9,cnc_lathe,heavy,manual
MC-PR-0000680,2026-04-05,Chennai,Line III,S-Iyer,MO-552635,17.92,118,9.59,55.0,9.1,milling_center,light,manual
MC-PR-0000681,2026-06-15,Chennai,Line IV,A-Khan,MO-394695,7.72,671,12.54,98.3,5.5,hydraulic_press,normal,manual
MC-PR-0000682,2026-08-15,Pune,Line I,R-Mehta,MO-126546,4.17,92,9.34,86.6,16.4,hydraulic_press,normal,automatic
MC-PR-0000683,2026-04-10,Pune,Line IV,S-Iyer,MO-136756,2.81,244,13.66,54.1,,hydraulic_press,normal,automatic
MC-PR-0000684,2026-07-11,Vadodara,Line II,S-Iyer,MO-197635,7.07,378,1.3,110.6,15.7,milling_center,normal,automatic
MC-PR-0000685,2026-08-22,Chennai,Line IV,R-Mehta,MO-816862,13.61,30,11.63,57.9,15.9,milling_center,heavy,manual
MC-PR-0000686,2026-06-05,Hyderabad,Line III,P-Rao,MO-174457,9.33,362,12.29,103.0,12.0,cnc_lathe,normal,automatic
MC-PR-0000687,2026-01-20,Vadodara,Line III,A-Khan,MO-214767,17.39,647,12.74,75.1,19.9,milling_center,heavy,manual
MC-PR-0000688,2026-06-23,Vadodara,Line I,S-Iyer,MO-405446,4.19,511,13.43,67.7,10.1,milling_center,cyclic,automatic
MC-PR-0000689,2026-07-22,Vadodara,Line IV,P-Rao,MO-151574,16.14,318,10.87,59.9,15.6,milling_center,cyclic,manual
MC-PR-0000690,2026-03-21,Hyderabad,Line IV,S-Iyer,MO-734143,4.01,44,2.37,67.2,16.2,hydraulic_press,cyclic,automatic
MC-PR-0000691,2026-03-14,Chennai,Line I,A-Khan,MO-498834,11.73,56,2.41,103.7,21.5,cnc_lathe,normal,automatic
MC-PR-0000692,2026-07-26,Coimbatore,Line IV,S-Iyer,MO-354028,0.91,282,2.71,77.5,5.2,cnc_lathe,normal,automatic
MC-PR-0000693,2026-01-13,Hyderabad,Line I,P-Rao,MO-834345,11.55,241,5.59,52.4,5.4,cnc_lathe,heavy,automatic
MC-PR-0000694,2026-08-01,Chennai,Line III,R-Mehta,MO-201795,6.36,95,10.19,96.8,8.4,milling_center,heavy,manual
MC-PR-0000695,2026-07-07,Hyderabad,Line III,A-Khan,MO-959954,12.23,319,2.88,102.6,5.0,cnc_lathe,heavy,automatic
MC-PR-0000696,2026-07-07,Coimbatore,Line III,P-Rao,MO-607422,16.47,122,7.3,75.5,21.7,hydraulic_press,normal,automatic
MC-PR-0000697,2026-08-25,Hyderabad,Line I,R-Mehta,MO-789649,13.45,524,12.27,77.6,16.4,cnc_lathe,normal,manual
MC-PR-0000698,2026-04-14,Chennai,Line I,A-Khan,MO-138536,4.76,149,2.9,96.8,15.1,cnc_lathe,normal,automatic
MC-PR-0000699,2026-07-11,Pune,Line I,R-Mehta,MO-367479,14.13,343,7.52,68.4,20.7,milling_center,cyclic,automatic
MC-PR-0000700,2026-08-27,Chennai,Line I,S-Iyer,MO-624038,1.59,67,8.0,108.0,14.7,milling_center,light,manual
MC-PR-0000701,2026-01-20,Pune,Line III,A-Khan,MO-505768,3.51,674,11.79,64.8,10.7,milling_center,normal,manual
MC-PR-0000702,2026-06-12,Coimbatore,Line III,R-Mehta,MO-213001,6.53,32,11.91,84.4,8.7,cnc_lathe,heavy,automatic
MC-PR-0000703,2026-06-08,Chennai,Line III,A-Khan,MO-683844,10.25,148,6.17,55.0,21.4,hydraulic_press,normal,automatic
MC-PR-0000704,2026-04-26,Pune,Line IV,P-Rao,MO-224750,12.36,319,1.35,52.1,7.0,milling_center,heavy,manual
MC-PR-0000705,2026-06-02,Hyderabad,Line I,P-Rao,MO-345097,17.05,256,7.76,68.1,18.2,hydraulic_press,light,automatic
MC-PR-0000706,2026-06-29,Coimbatore,Line I,R-Mehta,MO-392667,10.22,70,0.84,95.9,11.3,cnc_lathe,heavy,automatic
MC-PR-0000707,2026-07-28,Chennai,Line IV,R-Mehta,MO-929222,16.49,315,8.85,52.8,10.8,hydraulic_press,light,automatic
MC-PR-0000708,2026-03-20,Coimbatore,Line I,S-Iyer,MO-825497,9.75,288,6.96,91.8,6.4,milling_center,normal, AUTOMATIC 
MC-PR-0000709,2026-08-02,Hyderabad,Line II,R-Mehta,MO-801644,2.33,246,9.65,66.0,4.6,milling_center,normal,automatic
MC-PR-0000710,2026-08-14,Vadodara,Line II,R-Mehta,MO-783988,15.23,21,1.79,41.6,11.5,cnc_lathe,normal,automatic
MC-PR-0000711,2026-04-29,Hyderabad,Line III,R-Mehta,MO-334546,12.72,333,11.44,62.6,14.8,cnc_lathe,heavy,automatic
MC-PR-0000712,2026-06-13,Chennai,Line I,R-Mehta,MO-245606,7.77,450,4.38,43.5,16.4,cnc_lathe,cyclic,automatic
MC-PR-0000713,2026-02-21,Coimbatore,Line III,A-Khan,MO-285309,2.22,279,5.02,59.1,14.7,hydraulic_press,normal,automatic
MC-PR-0000714,2026-05-21,Pune,Line IV,P-Rao,MO-849901,0.54,417,13.57,61.4,21.1,cnc_lathe,heavy,automatic
MC-PR-0000715,2026-07-06,Chennai,Line IV,S-Iyer,MO-735759,17.92,665,9.69,61.8,14.7,cnc_lathe,heavy, AUTOMATIC 
MC-PR-0000716,2026-06-26,Vadodara,Line II,S-Iyer,MO-280497,7.7,5,8.94,48.0,15.0,hydraulic_press,heavy,manual
MC-PR-0000717,2026-06-14,Chennai,Line IV,R-Mehta,MO-915556,14.66,321,13.0,69.5,5.9,cnc_lathe,normal,Manual
MC-PR-0000718,2026-01-21,Chennai,Line I,S-Iyer,MO-558305,1.12,520,5.66,108.8,7.3,cnc_lathe,cyclic,automatic
MC-PR-0000719,2026-05-27,Vadodara,Line III,R-Mehta,MO-467055,7.64,428,12.14,69.5,16.5,cnc_lathe,heavy,manual
MC-PR-0000720,2026-01-24,Coimbatore,Line I,P-Rao,MO-446144,8.08,719,6.06,82.9,4.6,hydraulic_press,normal,automatic
MC-PR-0000721,2026-01-20,Hyderabad,Line IV,R-Mehta,MO-360203,0.93,693,4.46,60.2,10.8,cnc_lathe,light,automatic
MC-PR-0000722,2026-07-29,Hyderabad,Line III,S-Iyer,MO-765706,6.47,522,6.96,75.9,16.8,milling_center,light,automatic
MC-PR-0000723,2026-06-27,Pune,Line II,R-Mehta,MO-434236,16.07,415,6.54,67.5,9.7,cnc_lathe,normal,manual
MC-PR-0000724,2026-06-23,Vadodara,Line IV,P-Rao,MO-518473,3.26,144,8.36,68.2,4.5,cnc_lathe,heavy,automatic
MC-PR-0000725,2026-06-22,Vadodara,Line II,P-Rao,MO-631135,15.69,194,2.41,92.9,22.4,cnc_lathe,light,manual
MC-PR-0000726,2026-03-06,Hyderabad,Line II,A-Khan,MO-215125,14.03,600,11.81,46.4,18.2,cnc_lathe,heavy,automatic
MC-PR-0000727,2026-06-14,Chennai,Line IV,S-Iyer,MO-269236,16.37,227,10.55,105.6,12.2,milling_center,heavy,manual
MC-PR-0000728,2026-06-14,Vadodara,Line IV,P-Rao,MO-314534,3.79,452,7.33,101.9,6.2,milling_center,light,automatic
MC-PR-0000729,2026-05-01,Pune,Line IV,S-Iyer,MO-121061,15.55,148,12.73,53.8,17.2,cnc_lathe,heavy,manual
MC-PR-0000730,2026-01-19,Vadodara,Line II,P-Rao,MO-666264,1.57,166,12.9,71.9,17.5,milling_center,cyclic,manual
MC-PR-0000731,2026-04-13,Vadodara,Line I,P-Rao,MO-182027,6.27,599,13.16,69.6,17.9,cnc_lathe,heavy,manual
MC-PR-0000732,2026-07-16,Hyderabad,Line IV,A-Khan,MO-211971,8.43,657,,85.1,15.2,milling_center,heavy,manual
MC-PR-0000733,2026-08-23,Vadodara,Line II,P-Rao,MO-108448,7.66,311,1.38,66.4,6.5,hydraulic_press,normal,manual
MC-PR-0000734,2026-02-03,Coimbatore,Line I,S-Iyer,MO-598598,4.52,443,2.88,69.0,9.0, HYDRAULIC_PRESS ,normal,automatic
MC-PR-0000735,2026-07-17,Vadodara,Line IV,S-Iyer,MO-221575,14.28,62,13.21,,9.2,milling_center,cyclic,manual
MC-PR-0000736,2026-03-25,Coimbatore,Line I,S-Iyer,MO-130610,11.63,363,8.68,43.7,6.0,cnc_lathe,heavy,manual
MC-PR-0000737,2026-08-26,Pune,Line III,S-Iyer,MO-320804,15.72,571,,92.7,20.4,milling_center,normal,automatic
MC-PR-0000738,2026-03-01,Pune,Line I,R-Mehta,MO-182264,3.3,455,2.17,61.6,20.4,hydraulic_press,cyclic,manual
MC-PR-0000739,2026-05-06,Coimbatore,Line II,P-Rao,MO-300256,11.1,365,6.72,41.4,11.0,hydraulic_press,normal,manual
MC-PR-0000740,2026-04-05,Chennai,Line II,R-Mehta,MO-257921,17.36,463,1.04,48.3,14.5,cnc_lathe,light,manual
MC-PR-0000741,2026-04-10,Vadodara,Line IV,P-Rao,MO-586378,10.85,156,2.56,111.4,7.3,hydraulic_press,normal,automatic
MC-PR-0000742,2026-01-01,Chennai,Line II,P-Rao,MO-999347,11.24,161,0.97,49.6,14.3,milling_center,heavy,automatic
MC-PR-0000743,2026-08-05,Chennai,Line II,R-Mehta,MO-484402,9.73,537,13.63,89.9,15.8,cnc_lathe,normal,manual
MC-PR-0000744,2026-05-17,Hyderabad,Line II,A-Khan,MO-322707,15.97,357,12.74,95.6,8.6,hydraulic_press,heavy,automatic
MC-PR-0000745,2026-02-25,Vadodara,Line IV,A-Khan,MO-689758,8.63,261,7.37,,7.2,cnc_lathe,normal,manual
MC-PR-0000746,2026-07-08,Chennai,Line II,S-Iyer,MO-154698,4.81,515,0.9,49.5,5.0,milling_center,normal,automatic
MC-PR-0000747,2026-07-07,Chennai,Line II,R-Mehta,MO-159640,3.16,388,10.78,75.2,15.3,milling_center,normal,manual
MC-PR-0000748,2026-02-01,Vadodara,Line IV,A-Khan,MO-702626,14.28,266,13.78,67.1,5.2,cnc_lathe,light,automatic
MC-PR-0000749,2026-03-27,Chennai,Line II,R-Mehta,MO-409729,11.63,108,9.1,66.5,10.8,milling_center,normal,automatic
MC-PR-0000750,2026-04-04,Hyderabad,Line III,A-Khan,MO-349818,8.65,419,12.56,97.2,21.5,milling_center,normal,automatic
MC-PR-0000751,2026-07-25,Vadodara,Line IV,R-Mehta,MO-797831,13.2,130,4.5,84.1,19.5,milling_center,heavy,automatic
MC-PR-0000752,2026-04-18,Hyderabad,Line III,P-Rao,MO-618461,10.24,39,12.22,85.9,16.4,milling_center,cyclic,automatic
MC-PR-0000753,2026-07-25,Hyderabad,Line III,A-Khan,MO-726172,13.31,514,9.9,101.9,11.8,milling_center,light,automatic
MC-PR-0000754,2026-01-19,Vadodara,Line III,R-Mehta,MO-866894,8.13,244,,63.8,17.2,milling_center,normal,manual
MC-PR-0000755,2026-02-27,Vadodara,Line II,P-Rao,MO-679878,14.95,190,2.91,,14.1,cnc_lathe,normal,automatic
MC-PR-0000756,2026-03-02,Chennai,Line IV,S-Iyer,MO-394555,14.3,521,6.42,40.2,14.5,cnc_lathe,normal,manual
MC-PR-0000757,2026-03-22,Pune,Line IV,S-Iyer,MO-405699,6.78,30,11.8,62.5,19.6,Milling_center,heavy,manual
MC-PR-0000758,2026-07-23,Vadodara,Line IV,A-Khan,MO-733287,17.92,31,4.86,44.8,10.6,milling_center,normal,manual
MC-PR-0000759,2026-08-28,Vadodara,Line I,P-Rao,MO-268163,16.73,507,13.73,41.9,13.1,milling_center,heavy,automatic
MC-PR-0000760,2026-08-17,Pune,Line II,R-Mehta,MO-750328,12.5,285,6.6,71.0,17.0,hydraulic_press,cyclic,manual
MC-PR-0000761,2026-06-26,Coimbatore,Line II,A-Khan,MO-347324,13.73,193,8.33,71.8,4.6,hydraulic_press,heavy,automatic
MC-PR-0000762,2026-04-17,Pune,Line I,R-Mehta,MO-743994,11.07,97,4.34,57.7,9.5,Cnc_lathe,normal, AUTOMATIC 
MC-PR-0000763,2026-07-21,Coimbatore,Line III,S-Iyer,MO-188978,12.91,577,7.58,94.5,15.3,hydraulic_press,normal,automatic
MC-PR-0000764,2026-03-27,Chennai,Line IV,A-Khan,MO-496978,0.81,442,3.5,61.5,19.8,cnc_lathe,normal,automatic
MC-PR-0000765,2026-06-11,Hyderabad,Line II,A-Khan,MO-299840,14.27,465,10.76,86.4,22.9,cnc_lathe,cyclic,manual
MC-PR-0000766,2026-06-26,Chennai,Line IV,P-Rao,MO-876385,7.17,58,13.77,72.0,22.7,milling_center,normal,manual
MC-PR-0000767,2026-07-23,Chennai,Line I,S-Iyer,MO-680413,12.41,136,4.68,91.2,13.5,milling_center,normal,automatic
MC-PR-0000768,2026-07-08,Pune,Line I,R-Mehta,MO-421156,6.96,40,0.82,91.2,22.1,milling_center,heavy,manual
MC-PR-0000769,2026-06-11,Pune,Line III,S-Iyer,MO-769750,11.01,678,8.36,110.7,4.2,cnc_lathe,normal,automatic
MC-PR-0000770,2026-07-13,Coimbatore,Line IV,R-Mehta,MO-280980,1.79,147,2.86,58.0,13.8,milling_center,normal,automatic
MC-PR-0000771,2026-01-24,Coimbatore,Line II,A-Khan,MO-761430,16.49,197,3.1,59.7,22.9, HYDRAULIC_PRESS ,cyclic,automatic
MC-PR-0000772,2026-03-26,Vadodara,Line II,A-Khan,MO-653402,9.73,433,8.54,100.6,16.4,hydraulic_press,normal,automatic
MC-PR-0000773,2026-01-27,Vadodara,Line III,S-Iyer,MO-327306,9.51,665,9.92,92.4,18.3,hydraulic_press,heavy,automatic
MC-PR-0000774,2026-05-25,Hyderabad,Line IV,R-Mehta,MO-355033,4.49,35,,51.6,9.5,milling_center,normal,manual
MC-PR-0000775,2026-03-12,Hyderabad,Line I,R-Mehta,MO-652414,7.43,63,5.67,40.4,21.5,cnc_lathe,light,automatic
MC-PR-0000776,2026-05-29,Chennai,Line IV,R-Mehta,MO-512892,17.67,481,4.81,104.7,17.9,hydraulic_press,normal,automatic
MC-PR-0000777,2026-04-07,Pune,Line IV,P-Rao,MO-966729,10.17,592,0.65,83.2,11.4,cnc_lathe,light,automatic
MC-PR-0000778,2026-05-02,Pune,Line II,A-Khan,MO-925625,12.49,410,13.07,99.9,18.4,hydraulic_press,light,automatic
MC-PR-0000779,2026-06-03,Vadodara,Line I,P-Rao,MO-185492,7.51,635,11.28,65.0,7.8,milling_center,normal,automatic
MC-PR-0000780,2026-04-20,Coimbatore,Line II,A-Khan,MO-289207,7.73,31,0.82,48.1,17.9,milling_center,light,manual
MC-PR-0000781,2026-08-19,Hyderabad,Line III,P-Rao,MO-166073,11.75,510,10.39,72.0,7.4,hydraulic_press,normal,automatic
MC-PR-0000782,2026-05-01,Coimbatore,Line III,R-Mehta,MO-194776,17.83,581,3.63,63.6,11.7,milling_center,cyclic,automatic
MC-PR-0000783,2026-03-09,Vadodara,Line IV,S-Iyer,MO-392839,15.8,59,12.96,45.3,9.6,hydraulic_press,cyclic,manual
MC-PR-0000784,2026-06-21,Coimbatore,Line III,S-Iyer,MO-587147,6.49,255,12.58,60.1,13.5,cnc_lathe,normal,automatic
MC-PR-0000785,2026-08-19,Chennai,Line I,S-Iyer,MO-923339,6.95,693,2.85,97.6,6.4,Hydraulic_press,light,automatic
MC-PR-0000786,2026-06-08,Pune,Line II,P-Rao,MO-742474,1.47,340,2.99,43.9,16.6,milling_center,heavy,automatic
MC-PR-0000787,2026-05-05,Hyderabad,Line I,P-Rao,MO-993755,13.37,618,7.78,40.1,12.0,milling_center,normal,manual
MC-PR-0000788,2026-02-10,Pune,Line III,R-Mehta,MO-394849,16.4,578,1.45,91.7,14.6,milling_center,heavy,automatic
MC-PR-0000789,2026-03-26,Coimbatore,Line II,A-Khan,MO-295246,4.37,365,5.02,89.7,11.1,hydraulic_press,normal,automatic
MC-PR-0000790,2026-05-05,Chennai,Line IV,P-Rao,MO-871087,17.97,627,11.5,75.1,7.7, MILLING_CENTER ,Normal,manual
MC-PR-0000791,2026-05-04,Chennai,Line I,S-Iyer,MO-784605,11.06,8,8.48,109.5,20.1,milling_center,heavy, AUTOMATIC 
MC-PR-0000792,2026-04-04,Hyderabad,Line I,P-Rao,MO-155303,9.72,117,3.08,95.5,5.4,cnc_lathe,normal,automatic
MC-PR-0000793,2026-03-07,Chennai,Line III,A-Khan,MO-653639,0.87,158,11.98,62.1,16.4,milling_center,Normal,manual
MC-PR-0000794,2026-06-03,Hyderabad,Line III,R-Mehta,MO-767349,16.78,707,4.56,100.4,22.9,hydraulic_press,heavy,manual
MC-PR-0000795,2026-07-29,Vadodara,Line III,A-Khan,MO-888663,17.44,332,7.64,45.9,8.3,milling_center,heavy,automatic
MC-PR-0000796,2026-04-18,Hyderabad,Line IV,R-Mehta,MO-703974,2.63,145,1.78,99.2,20.9,hydraulic_press,normal,manual
MC-PR-0000797,2026-05-31,Hyderabad,Line I,R-Mehta,MO-625897,2.65,19,10.17,58.9,10.3,milling_center,cyclic,automatic
MC-PR-0000798,2026-03-15,Pune,Line I,R-Mehta,MO-817303,7.31,526,8.65,111.5,16.0,milling_center,cyclic,automatic
MC-PR-0000799,2026-01-08,Pune,Line III,P-Rao,MO-440119,9.33,141,7.13,63.5,7.7,cnc_lathe,normal,automatic
MC-PR-0000800,2026-01-14,Chennai,Line III,R-Mehta,MO-665174,10.73,405,11.42,57.3,14.5,milling_center,normal,manual
