run_id,operation_date,facility_location,chamber_code,shift_supervisor,client_contract_ref,stored_load_tonnes,outside_temperature_celsius,door_open_minutes,compressor_age_months,temperature_setpoint_celsius,storage_mode,insulation_grade,uses_rooftop_solar
CS-2026-060000,2026-02-20,Nagpur,CH-024,N-Rao,CC-93276,32.02,33.41,59.63,30.0,-11.74,chilled,enhanced,yes
CS-2026-060001,2026-06-28,Pune,CH-050,A-Mehta,CC-60996,54.68,34.42,103.85,139.0,-7.89,chilled,high-efficiency,yes
CS-2026-060002,2026-04-07,Nagpur,CH-025,R-Khan,CC-17708,98.46,32.38,148.84,67.0,-23.97,frozen,enhanced,yes
CS-2026-060003,2026-02-14,Surat,CH-020,N-Rao,CC-74766,38.68,33.57,143.45,14.0,-23.15,mixed,standard,no
CS-2026-060004,2026-02-26,Nagpur,CH-045,S-Iyer,CC-87174,99.37,27.4,71.76,131.0,-20.92,controlled,standard,no
CS-2026-060005,2026-05-08,Nashik,CH-035,P-Patil,CC-25947,20.05,29.33,86.58,118.0,5.07,mixed,standard,no
CS-2026-060006,2026-06-01,Indore,CH-042,A-Mehta,CC-89273,56.88,33.75,145.66,95.0,-13.75,frozen,enhanced,yes
CS-2026-060007,2026-01-01,Pune,CH-062,P-Patil,CC-97153,101.95,41.5,30.74,110.0,7.3,frozen,enhanced,no
CS-2026-060008,2026-05-20,Surat,CH-047,P-Patil,CC-58928,30.25,34.17,124.26,12.0,-4.67,chilled,enhanced,no
CS-2026-060009,2026-01-08,Surat,CH-042,S-Iyer,CC-17540,41.9,22.38,,89.0,-12.17,mixed,standard,no
CS-2026-060010,2026-04-20,Pune,CH-077,R-Khan,CC-92307,46.43,36.67,5.33,86.0,-8.44,mixed,enhanced,no
CS-2026-060011,2026-01-10,Nagpur,CH-003,S-Iyer,CC-41854,31.73,41.65,164.72,100.0,7.52,chilled,high-efficiency,  NO 
CS-2026-060012,2026-06-01,Nagpur,CH-062,R-Khan,CC-96732,111.14,35.31,124.8,3.0,3.81,chilled,high-efficiency,yes
CS-2026-060013,2026-03-08,Indore,CH-030,N-Rao,CC-55013,70.4,29.48,70.29,15.0,-23.34,frozen,enhanced,yes
CS-2026-060014,2026-01-31,Surat,CH-014,R-Khan,CC-54263,102.72,18.75,48.54,41.0,-18.09,controlled,standard,yes
CS-2026-060015,2026-04-13,Nagpur,CH-035,N-Rao,CC-96141,67.87,32.16,176.96,30.0,-15.88,chilled,standard,yes
CS-2026-060016,2026-01-21,Nashik,CH-039,A-Mehta,CC-79517,35.83,27.21,93.14,107.0,-8.95,mixed,high-efficiency,yes
CS-2026-060017,2026-03-17,Nashik,CH-073,P-Patil,CC-61357,37.6,31.97,111.35,91.0,-4.81,frozen,standard,no
CS-2026-060018,2026-01-02,Surat,CH-009,S-Iyer,CC-59002,114.01,22.1,130.89,9.0,-23.45,frozen,enhanced,yes
CS-2026-060019,2026-02-11,Nagpur,CH-055,R-Khan,CC-39451,31.46,39.01,160.05,62.0,-4.27,mixed,standard,yes
CS-2026-060020,2026-01-21,Surat,CH-074,P-Patil,CC-49776,9.09,,108.6,87.0,-18.52,mixed,enhanced,no
CS-2026-060021,2026-04-27,Pune,CH-020,R-Khan,CC-52109,78.1,25.18,177.89,111.0,-4.22,  MIXED ,standard,no
CS-2026-060022,2026-05-21,Pune,CH-003,P-Patil,CC-63636,45.99,18.65,147.59,84.0,-14.88,  CONTROLLED ,high-efficiency,no
CS-2026-060023,2026-03-01,Nashik,CH-023,P-Patil,CC-25671,59.85,22.69,64.67,68.0,3.46,  CONTROLLED ,standard,no
CS-2026-060024,2026-04-04,Surat,CH-071,S-Iyer,CC-53412,22.75,35.0,53.2,116.0,-14.96,  CHILLED ,enhanced,no
CS-2026-060025,2026-03-25,Nashik,CH-017,A-Mehta,CC-18043,62.6,39.76,174.61,47.0,-11.46,controlled,standard,yes
CS-2026-060026,2026-05-15,Nagpur,CH-033,N-Rao,CC-13079,24.92,18.36,14.56,93.0,0.75,mixed,high-efficiency,yes
CS-2026-060027,2026-04-18,Nashik,CH-059,S-Iyer,CC-36679,78.62,23.82,55.38,,-15.93,controlled,enhanced,yes
CS-2026-060028,2026-01-20,Nashik,CH-044,P-Patil,CC-45552,8.78,33.13,101.34,126.0,-8.12,frozen,standard,no
CS-2026-060029,2026-01-19,Nagpur,CH-076,A-Mehta,CC-16905,73.51,39.03,114.67,133.0,-20.4,frozen,high-efficiency,yes
CS-2026-060030,2026-03-22,Surat,CH-063,N-Rao,CC-81983,72.98,36.8,125.41,20.0,-16.8,frozen,high-efficiency,no
CS-2026-060031,2026-01-13,Surat,CH-025,R-Khan,CC-53293,74.25,37.41,135.02,47.0,-22.1,chilled,standard,no
CS-2026-060032,2026-02-02,Indore,CH-034,S-Iyer,CC-73070,84.13,19.03,30.43,11.0,-5.84,mixed,high-efficiency,yes
CS-2026-060033,2026-06-16,Indore,CH-006,A-Mehta,CC-56858,49.78,18.17,117.1,90.0,-3.37,mixed,high-efficiency,no
CS-2026-060034,2026-05-27,Indore,CH-077,P-Patil,CC-34720,88.04,28.99,59.29,32.0,-14.53,controlled,standard,yes
CS-2026-060035,2026-05-27,Surat,CH-022,A-Mehta,CC-45089,97.67,44.65,34.83,135.0,-3.76,mixed,enhanced,no
CS-2026-060036,2026-06-22,Nagpur,CH-060,A-Mehta,CC-15992,108.2,34.49,140.67,60.0,-4.56,mixed,high-efficiency,no
CS-2026-060037,2026-04-26,Pune,CH-058,N-Rao,CC-49721,71.65,26.64,34.79,123.0,-15.53,frozen,high-efficiency,no
CS-2026-060038,2026-05-16,Nagpur,CH-019,P-Patil,CC-66148,114.17,35.66,113.03,123.0,-19.27,frozen,standard,yes
CS-2026-060039,2026-02-09,Nashik,CH-075,N-Rao,CC-46800,100.6,32.06,138.03,75.0,-12.54,frozen,standard,yes
CS-2026-060040,2026-01-09,Nagpur,CH-005,N-Rao,CC-44795,71.99,29.37,6.28,57.0,-13.36,chilled,standard,yes
CS-2026-060041,2026-02-21,Pune,CH-010,P-Patil,CC-76622,10.72,37.29,51.16,123.0,-0.54,frozen,standard,yes
CS-2026-060042,2026-05-10,Nashik,CH-055,N-Rao,CC-64114,91.73,39.59,94.49,72.0,-5.28,chilled,enhanced,no
CS-2026-060043,2026-01-02,Pune,CH-069,P-Patil,CC-32296,45.56,31.54,155.61,98.0,-9.5,chilled,standard,yes
CS-2026-060044,2026-05-22,Nagpur,CH-035,A-Mehta,CC-34664,94.22,19.68,131.62,107.0,-18.49,frozen,high-efficiency,no
CS-2026-060045,2026-02-27,Indore,CH-032,P-Patil,CC-59187,60.65,,77.48,133.0,5.71,controlled,high-efficiency,no
CS-2026-060046,2026-05-25,Pune,CH-073,S-Iyer,CC-31448,10.94,41.77,167.93,107.0,-11.83,chilled,enhanced,yes
CS-2026-060047,2026-06-24,Surat,CH-021,N-Rao,CC-30138,11.11,43.87,46.93,39.0,-9.03,chilled,high-efficiency,no
CS-2026-060048,2026-03-18,Pune,CH-031,N-Rao,CC-68866,22.51,34.02,11.94,110.0,-7.36,chilled,enhanced,yes
CS-2026-060049,2026-03-14,Nagpur,CH-051,S-Iyer,CC-69844,15.18,38.77,64.47,49.0,-19.66,chilled,standard,no
CS-2026-060050,2026-06-10,Nashik,CH-047,P-Patil,CC-56747,10.03,27.98,54.69,20.0,-22.5,mixed,standard,yes
CS-2026-060051,2026-02-08,Nashik,CH-023,S-Iyer,CC-83179,57.23,40.64,156.92,31.0,2.38,mixed,enhanced,  NO 
CS-2026-060052,2026-02-12,Surat,CH-008,N-Rao,CC-26734,60.85,35.92,161.66,42.0,-11.62,frozen,standard,yes
CS-2026-060053,2026-05-02,Indore,CH-060,A-Mehta,CC-87310,44.8,33.77,49.15,54.0,-8.54,chilled,high-efficiency,no
CS-2026-060054,2026-03-13,Surat,CH-003,R-Khan,CC-12390,32.21,28.65,14.51,57.0,-6.96,chilled,  ENHANCED ,no
CS-2026-060055,2026-06-12,Nagpur,CH-007,S-Iyer,CC-97982,14.85,18.82,123.71,128.0,-10.07,mixed,standard,no
CS-2026-060056,2026-05-20,Nagpur,CH-026,R-Khan,CC-72956,99.95,38.27,,89.0,4.49,controlled,high-efficiency,yes
CS-2026-060057,2026-06-30,Nashik,CH-045,R-Khan,CC-37625,69.65,27.97,165.98,143.0,-11.28,frozen,enhanced,yes
CS-2026-060058,2026-01-06,Nagpur,CH-068,A-Mehta,CC-44270,107.41,34.54,41.64,,-12.6,controlled,high-efficiency,no
CS-2026-060059,2026-03-25,Indore,CH-041,A-Mehta,CC-71351,95.17,29.59,148.19,,-0.76,chilled,enhanced,yes
CS-2026-060060,2026-01-30,Nagpur,CH-049,S-Iyer,CC-11173,52.34,45.1,122.19,24.0,1.58,frozen,high-efficiency,yes
CS-2026-060061,2026-04-12,Nagpur,CH-004,R-Khan,CC-98325,15.88,40.6,122.54,22.0,5.47,frozen,enhanced,no
CS-2026-060062,2026-03-03,Nagpur,CH-070,P-Patil,CC-30418,42.89,18.79,46.03,23.0,-17.75,controlled,high-efficiency,yes
CS-2026-060063,2026-02-22,Pune,CH-047,R-Khan,CC-45629,114.18,19.63,112.9,131.0,0.15,controlled,enhanced,no
CS-2026-060064,2026-04-16,Nashik,CH-080,A-Mehta,CC-28993,101.88,39.63,38.2,66.0,-8.43,mixed,enhanced,no
CS-2026-060065,2026-03-29,Surat,CH-044,A-Mehta,CC-78217,59.51,36.74,9.42,45.0,-13.3,  CHILLED ,standard,no
CS-2026-060066,2026-06-20,Pune,CH-023,A-Mehta,CC-60119,35.96,44.11,162.85,105.0,5.74,controlled,enhanced,yes
CS-2026-060067,2026-05-25,Surat,CH-013,S-Iyer,CC-98300,71.61,23.0,40.71,21.0,4.5,mixed,standard,no
CS-2026-060068,2026-04-16,Nashik,CH-078,R-Khan,CC-62837,95.43,29.33,118.55,70.0,-22.3,mixed,enhanced,no
CS-2026-060069,2026-05-03,Nashik,CH-025,A-Mehta,CC-16714,64.29,36.0,178.55,94.0,-7.37,chilled,high-efficiency,no
CS-2026-060070,2026-06-19,Indore,CH-054,P-Patil,CC-83060,58.54,30.7,168.45,115.0,-16.16,mixed,high-efficiency,yes
CS-2026-060071,2026-04-09,Surat,CH-029,P-Patil,CC-43497,48.53,29.12,77.52,72.0,-9.42,mixed,high-efficiency,no
CS-2026-060072,2026-05-06,Indore,CH-030,N-Rao,CC-65042,34.58,18.43,99.2,67.0,-15.52,controlled,standard,no
CS-2026-060073,2026-06-05,Pune,CH-063,S-Iyer,CC-54167,44.43,18.48,72.27,143.0,-2.81,frozen,high-efficiency,yes
CS-2026-060074,2026-03-07,Pune,CH-003,S-Iyer,CC-30919,58.43,33.47,59.75,127.0,7.48,chilled,high-efficiency,no
CS-2026-060075,2026-03-23,Nashik,CH-068,N-Rao,CC-89716,19.0,25.12,8.21,33.0,-9.37,controlled,enhanced,no
CS-2026-060076,2026-03-30,Indore,CH-059,S-Iyer,CC-90507,111.69,25.72,42.16,108.0,-23.37,  CHILLED ,standard,  YES 
CS-2026-060077,2026-01-08,Pune,CH-027,R-Khan,CC-69177,107.66,19.01,109.23,64.0,-5.13,frozen,  STANDARD ,no
CS-2026-060078,2026-03-28,Surat,CH-043,A-Mehta,CC-71218,28.91,21.55,36.54,40.0,6.42,chilled,  ENHANCED ,yes
CS-2026-060079,2026-04-23,Nagpur,CH-042,S-Iyer,CC-47326,33.54,32.44,112.13,45.0,3.29,frozen,enhanced,yes
CS-2026-060080,2026-01-17,Nashik,CH-055,R-Khan,CC-55486,53.01,,142.86,16.0,4.75,controlled,  STANDARD ,no
CS-2026-060081,2026-05-02,Nagpur,CH-066,S-Iyer,CC-96149,67.45,20.82,35.96,55.0,-19.33,controlled,standard,no
CS-2026-060082,2026-02-28,Nagpur,CH-014,N-Rao,CC-25096,33.46,35.12,96.14,91.0,-23.75,chilled,high-efficiency,no
CS-2026-060083,2026-04-04,Pune,CH-029,P-Patil,CC-18392,52.74,26.85,38.58,4.0,2.81,chilled,enhanced,no
CS-2026-060084,2026-03-18,Pune,CH-047,P-Patil,CC-84870,88.28,38.08,36.97,111.0,7.3,frozen,standard,no
CS-2026-060085,2026-06-26,Nashik,CH-053,P-Patil,CC-71083,77.98,28.64,29.21,82.0,-13.98,frozen,standard,yes
CS-2026-060086,2026-01-24,Nashik,CH-079,S-Iyer,CC-94492,99.23,23.9,61.11,5.0,-5.09,chilled,standard,no
CS-2026-060087,2026-03-09,Nagpur,CH-035,A-Mehta,CC-53533,81.2,44.08,148.32,15.0,-14.34,frozen,standard,no
CS-2026-060088,2026-05-28,Nagpur,CH-026,N-Rao,CC-54446,65.31,19.99,97.59,73.0,3.83,  MIXED ,high-efficiency,no
CS-2026-060089,2026-05-19,Nagpur,CH-007,R-Khan,CC-79218,99.55,29.69,172.67,122.0,7.38,chilled,enhanced,  NO 
CS-2026-060090,2026-01-25,Nashik,CH-049,R-Khan,CC-95596,88.11,31.32,129.2,133.0,0.3,controlled,standard,no
CS-2026-060091,2026-04-08,Nagpur,CH-020,S-Iyer,CC-61804,60.55,25.69,51.77,51.0,6.0,frozen,  HIGH-EFFICIENCY ,no
CS-2026-060092,2026-01-27,Surat,CH-073,A-Mehta,CC-47980,9.23,39.88,118.2,17.0,-21.03,mixed,standard,no
CS-2026-060093,2026-01-23,Nagpur,CH-026,P-Patil,CC-55332,102.79,21.89,110.99,110.0,-20.99,  FROZEN ,high-efficiency,  YES 
CS-2026-060094,2026-06-27,Indore,CH-072,R-Khan,CC-34899,62.48,39.49,23.1,114.0,-11.5,mixed,standard,  YES 
CS-2026-060095,2026-05-29,Pune,CH-071,P-Patil,CC-12688,82.89,43.38,131.72,53.0,0.35,mixed,standard,  NO 
CS-2026-060096,2026-02-05,Nashik,CH-037,A-Mehta,CC-58575,48.37,36.36,26.47,111.0,-17.72,mixed,enhanced,no
CS-2026-060097,2026-04-11,Nashik,CH-070,S-Iyer,CC-55548,60.91,20.09,143.97,140.0,-18.61,mixed,standard,no
CS-2026-060098,2026-02-13,Nagpur,CH-017,S-Iyer,CC-96608,37.43,36.03,55.54,45.0,-5.79,chilled,enhanced,no
CS-2026-060099,2026-06-10,Nagpur,CH-001,N-Rao,CC-31382,57.31,40.63,18.73,112.0,-22.62,frozen,standard,  NO 
CS-2026-060100,2026-03-24,Indore,CH-066,N-Rao,CC-49555,94.91,38.26,39.11,69.0,-5.59,mixed,enhanced,yes
CS-2026-060101,2026-04-04,Indore,CH-041,S-Iyer,CC-35901,73.9,21.04,33.5,43.0,-1.65,frozen,standard,yes
CS-2026-060102,2026-05-29,Surat,CH-064,R-Khan,CC-15195,12.27,45.43,120.54,75.0,-13.08,controlled,enhanced,no
CS-2026-060103,2026-03-27,Surat,CH-068,S-Iyer,CC-71372,43.23,18.67,111.77,13.0,-2.75,controlled,standard,yes
CS-2026-060104,2026-01-25,Nashik,CH-057,A-Mehta,CC-97511,28.92,18.51,112.6,47.0,-7.28,mixed,  STANDARD ,yes
CS-2026-060105,2026-06-30,Indore,CH-008,N-Rao,CC-98390,97.94,24.07,161.81,70.0,-0.25,  CHILLED ,enhanced,no
CS-2026-060106,2026-03-21,Nagpur,CH-038,S-Iyer,CC-18451,113.48,,90.39,107.0,-1.75,controlled,  HIGH-EFFICIENCY ,yes
CS-2026-060107,2026-03-10,Surat,CH-075,P-Patil,CC-13167,38.19,28.46,45.09,17.0,-12.46,  CHILLED ,standard,yes
CS-2026-060108,2026-01-06,Nagpur,CH-025,S-Iyer,CC-60287,42.17,38.02,35.33,18.0,7.35,chilled,standard,no
CS-2026-060109,2026-04-15,Indore,CH-011,A-Mehta,CC-52939,110.45,35.14,58.41,140.0,-2.54,mixed,high-efficiency,yes
CS-2026-060110,2026-01-31,Indore,CH-075,P-Patil,CC-50082,94.47,18.08,48.37,104.0,-18.74,frozen,standard,no
CS-2026-060111,2026-03-04,Nashik,CH-020,S-Iyer,CC-76639,69.47,24.4,61.16,20.0,-6.15,frozen,standard,  NO 
CS-2026-060112,2026-03-25,Surat,CH-034,P-Patil,CC-87455,42.43,31.95,89.68,112.0,-16.6,chilled,standard,no
CS-2026-060113,2026-05-22,Nashik,CH-050,R-Khan,CC-33775,50.57,33.52,113.13,120.0,-21.89,chilled,standard,no
CS-2026-060114,2026-04-23,Nagpur,CH-015,S-Iyer,CC-76434,26.8,26.06,83.81,98.0,-10.52,controlled,standard,yes
CS-2026-060115,2026-04-20,Surat,CH-050,S-Iyer,CC-24150,116.35,37.86,43.77,29.0,-4.68,frozen,enhanced,yes
CS-2026-060116,2026-04-14,Nashik,CH-001,N-Rao,CC-59039,40.6,40.83,64.04,33.0,-21.01,chilled,  ENHANCED ,yes
CS-2026-060117,2026-04-08,Nagpur,CH-001,R-Khan,CC-73020,72.09,35.65,136.09,30.0,-14.78,mixed,  STANDARD ,  NO 
CS-2026-060118,2026-06-05,Nashik,CH-066,A-Mehta,CC-59724,74.74,37.54,,84.0,-10.6,chilled,standard,no
CS-2026-060119,2026-01-23,Indore,CH-068,R-Khan,CC-85604,57.05,37.68,70.37,85.0,0.1,frozen,standard,no
CS-2026-060120,2026-05-03,Pune,CH-042,N-Rao,CC-52444,64.43,36.51,49.1,91.0,-23.9,controlled,  STANDARD ,yes
CS-2026-060121,2026-03-26,Surat,CH-046,A-Mehta,CC-33350,61.93,23.49,154.43,29.0,-15.88,mixed,enhanced,yes
CS-2026-060122,2026-04-08,Nashik,CH-002,R-Khan,CC-51646,92.48,30.4,50.26,50.0,3.73,chilled,standard,no
CS-2026-060123,2026-01-21,Surat,CH-022,S-Iyer,CC-43046,99.71,33.5,28.71,20.0,-18.19,chilled,standard,no
CS-2026-060124,2026-01-11,Surat,CH-064,P-Patil,CC-60350,108.83,39.51,46.95,12.0,-23.21,  MIXED ,enhanced,no
CS-2026-060125,2026-03-04,Indore,CH-055,A-Mehta,CC-18599,111.68,30.95,96.76,71.0,-13.21,mixed,standard,no
CS-2026-060126,2026-03-13,Pune,CH-068,N-Rao,CC-12695,94.34,,6.37,101.0,-18.36,controlled,standard,no
CS-2026-060127,2026-02-25,Nagpur,CH-049,N-Rao,CC-31043,49.51,36.46,61.42,106.0,-1.49,frozen,standard,no
CS-2026-060128,2026-06-17,Pune,CH-077,P-Patil,CC-26673,22.14,27.45,53.34,137.0,1.49,frozen,standard,no
CS-2026-060129,2026-05-14,Pune,CH-063,S-Iyer,CC-13296,115.19,29.64,152.81,142.0,5.59,chilled,standard,no
CS-2026-060130,2026-01-12,Nashik,CH-044,R-Khan,CC-92888,48.6,,80.88,73.0,-12.93,controlled,enhanced,yes
CS-2026-060131,2026-03-19,Surat,CH-038,A-Mehta,CC-13202,33.17,41.98,96.74,68.0,-3.62,mixed,enhanced,yes
CS-2026-060132,2026-06-17,Indore,CH-045,A-Mehta,CC-31581,106.49,37.4,42.66,9.0,-10.15,chilled,  STANDARD ,no
CS-2026-060133,2026-02-22,Indore,CH-025,P-Patil,CC-42996,50.61,18.74,63.18,37.0,-9.74,chilled,enhanced,yes
CS-2026-060134,2026-01-19,Indore,CH-004,P-Patil,CC-44871,47.08,22.23,5.22,43.0,-19.15,mixed,standard,no
CS-2026-060135,2026-05-23,Nashik,CH-036,A-Mehta,CC-19061,58.98,32.22,73.09,134.0,-18.67,controlled,standard,no
CS-2026-060136,2026-01-19,Pune,CH-039,P-Patil,CC-84713,90.67,39.89,111.81,77.0,-19.35,controlled,enhanced,yes
CS-2026-060137,2026-02-27,Nagpur,CH-007,S-Iyer,CC-83269,70.66,39.04,128.84,133.0,-14.07,chilled,enhanced,no
CS-2026-060138,2026-03-03,Surat,CH-043,S-Iyer,CC-50617,32.39,36.82,6.79,,1.06,frozen,standard,no
CS-2026-060139,2026-03-18,Nagpur,CH-029,P-Patil,CC-89341,54.57,24.55,,41.0,-23.93,chilled,enhanced,no
CS-2026-060140,2026-05-26,Nashik,CH-079,A-Mehta,CC-61930,80.88,23.59,134.02,140.0,3.14,frozen,enhanced,yes
CS-2026-060141,2026-01-12,Nashik,CH-045,S-Iyer,CC-72181,32.12,42.85,19.69,61.0,-15.77,frozen,high-efficiency,yes
CS-2026-060142,2026-04-03,Indore,CH-022,P-Patil,CC-72667,21.28,35.64,6.83,37.0,2.65,chilled,high-efficiency,no
CS-2026-060143,2026-04-15,Nashik,CH-002,P-Patil,CC-36468,68.92,18.38,137.92,4.0,-22.04,mixed,high-efficiency,no
CS-2026-060144,2026-06-04,Indore,CH-037,P-Patil,CC-57069,105.73,29.87,176.74,64.0,2.43,  CHILLED ,high-efficiency,yes
CS-2026-060145,2026-04-15,Pune,CH-004,R-Khan,CC-37768,106.98,40.36,140.13,110.0,-19.73,mixed,  STANDARD ,no
CS-2026-060146,2026-01-17,Nashik,CH-027,S-Iyer,CC-72799,58.33,35.46,148.47,76.0,-9.32,mixed,enhanced,yes
CS-2026-060147,2026-01-29,Nashik,CH-038,A-Mehta,CC-28000,29.04,43.44,102.38,57.0,7.6,chilled,standard,yes
CS-2026-060148,2026-01-22,Surat,CH-036,A-Mehta,CC-20226,53.77,41.2,50.72,100.0,-17.76,chilled,standard,no
CS-2026-060149,2026-04-10,Nashik,CH-028,P-Patil,CC-56520,57.09,19.05,66.41,135.0,-1.97,controlled,standard,no
CS-2026-060150,2026-06-21,Nashik,CH-072,P-Patil,CC-70054,92.81,37.0,48.64,69.0,-3.67,frozen,standard,yes
CS-2026-060151,2026-01-19,Nagpur,CH-049,S-Iyer,CC-69099,82.68,,57.3,38.0,-23.14,controlled,  ENHANCED ,yes
CS-2026-060152,2026-01-21,Indore,CH-015,A-Mehta,CC-62975,87.18,33.98,149.09,123.0,-10.0,frozen,enhanced,yes
CS-2026-060153,2026-03-20,Surat,CH-029,R-Khan,CC-73021,82.41,18.69,103.82,106.0,-14.6,mixed,standard,no
CS-2026-060154,2026-05-24,Surat,CH-030,N-Rao,CC-14808,110.84,32.85,160.81,42.0,-12.45,chilled,  ENHANCED ,no
CS-2026-060155,2026-02-12,Indore,CH-049,A-Mehta,CC-13376,37.24,30.29,104.92,42.0,-9.69,chilled,high-efficiency,no
CS-2026-060156,2026-02-26,Indore,CH-065,N-Rao,CC-17361,14.55,25.68,17.85,107.0,-2.42,frozen,enhanced,yes
CS-2026-060157,2026-04-27,Nashik,CH-036,S-Iyer,CC-42711,43.77,34.94,117.53,141.0,5.15,frozen,enhanced,no
CS-2026-060158,2026-06-17,Nashik,CH-066,R-Khan,CC-70102,35.51,24.77,168.33,70.0,-5.65,mixed,enhanced,yes
CS-2026-060159,2026-01-18,Pune,CH-071,R-Khan,CC-33785,80.1,37.08,77.52,135.0,-12.72,mixed,standard,yes
CS-2026-060160,2026-06-25,Surat,CH-079,N-Rao,CC-32788,75.81,25.81,33.26,56.0,-2.04,frozen,standard,no
CS-2026-060161,2026-06-28,Surat,CH-001,N-Rao,CC-46407,90.92,45.12,93.37,124.0,-3.47,chilled,enhanced,yes
CS-2026-060162,2026-06-23,Indore,CH-030,A-Mehta,CC-38850,99.26,36.41,117.34,26.0,-8.87,frozen,high-efficiency,  NO 
CS-2026-060163,2026-04-22,Nashik,CH-025,R-Khan,CC-52299,70.49,41.8,52.02,43.0,7.66,  CONTROLLED ,enhanced,yes
CS-2026-060164,2026-03-17,Nagpur,CH-025,N-Rao,CC-46089,40.5,30.98,103.19,135.0,-17.37,controlled,high-efficiency,no
CS-2026-060165,2026-01-04,Pune,CH-074,A-Mehta,CC-41650,55.63,27.83,6.43,67.0,5.78,chilled,enhanced,no
CS-2026-060166,2026-03-02,Surat,CH-041,S-Iyer,CC-15995,32.57,34.99,88.3,115.0,-22.53,chilled,standard,no
CS-2026-060167,2026-01-19,Pune,CH-023,A-Mehta,CC-48855,63.31,,144.14,97.0,-2.38,controlled,high-efficiency,no
CS-2026-060168,2026-06-02,Nashik,CH-017,P-Patil,CC-77973,20.15,40.58,132.45,94.0,-18.89,frozen,standard,yes
CS-2026-060169,2026-04-26,Pune,CH-015,P-Patil,CC-94347,102.44,25.66,89.9,66.0,2.03,frozen,standard,yes
CS-2026-060170,2026-02-05,Nagpur,CH-064,S-Iyer,CC-16550,51.5,43.09,,,4.33,chilled,enhanced,no
CS-2026-060171,2026-06-08,Nashik,CH-002,A-Mehta,CC-78751,116.64,30.83,58.84,17.0,7.76,frozen,high-efficiency,no
CS-2026-060172,2026-04-12,Surat,CH-013,N-Rao,CC-79456,79.59,34.45,169.29,67.0,-0.07,frozen,standard,no
CS-2026-060173,2026-02-06,Nashik,CH-043,S-Iyer,CC-87535,22.67,28.19,98.7,124.0,-20.01,frozen,standard,no
CS-2026-060174,2026-06-20,Nagpur,CH-011,N-Rao,CC-92893,76.23,25.78,59.49,102.0,-1.72,chilled,high-efficiency,no
CS-2026-060175,2026-02-16,Pune,CH-060,R-Khan,CC-12069,102.24,39.35,144.52,17.0,-22.2,frozen,standard,no
CS-2026-060176,2026-01-03,Pune,CH-024,N-Rao,CC-31387,84.76,38.52,,133.0,-15.77,mixed,high-efficiency,yes
CS-2026-060177,2026-04-13,Indore,CH-025,A-Mehta,CC-82691,68.78,21.4,68.0,97.0,-9.89,frozen,high-efficiency,no
CS-2026-060178,2026-06-16,Nashik,CH-066,S-Iyer,CC-81768,79.85,40.19,96.92,76.0,-16.21,mixed,  ENHANCED ,  NO 
CS-2026-060179,2026-06-09,Nashik,CH-026,R-Khan,CC-88361,26.58,25.77,169.32,132.0,-9.42,frozen,standard,yes
CS-2026-060180,2026-02-18,Nagpur,CH-023,R-Khan,CC-61546,54.17,,153.64,52.0,-19.17,chilled,high-efficiency,yes
CS-2026-060181,2026-06-21,Pune,CH-070,A-Mehta,CC-39074,9.85,40.67,50.72,96.0,-7.73,controlled,enhanced,no
CS-2026-060182,2026-01-29,Indore,CH-007,R-Khan,CC-62492,51.48,22.46,17.27,108.0,-14.33,chilled,standard,no
CS-2026-060183,2026-02-15,Surat,CH-073,P-Patil,CC-11490,33.02,26.55,108.41,96.0,1.34,  MIXED ,high-efficiency,yes
CS-2026-060184,2026-02-22,Indore,CH-058,R-Khan,CC-90088,56.91,34.98,156.37,71.0,3.51,chilled,standard,yes
CS-2026-060185,2026-05-27,Pune,CH-040,A-Mehta,CC-71093,29.97,31.4,72.75,101.0,-3.52,chilled,high-efficiency,no
CS-2026-060186,2026-03-04,Surat,CH-002,A-Mehta,CC-66745,110.15,40.76,105.03,127.0,-22.51,frozen,high-efficiency,yes
CS-2026-060187,2026-02-28,Nashik,CH-038,S-Iyer,CC-88981,51.8,27.28,171.88,129.0,1.86,chilled,  HIGH-EFFICIENCY ,  YES 
CS-2026-060188,2026-01-06,Pune,CH-079,P-Patil,CC-76233,13.21,45.76,43.02,21.0,-19.63,frozen,standard,yes
CS-2026-060189,2026-05-09,Surat,CH-032,R-Khan,CC-81825,31.99,37.35,174.63,103.0,-8.81,mixed,standard,  NO 
CS-2026-060190,2026-02-20,Nagpur,CH-059,S-Iyer,CC-82122,38.54,39.63,88.36,21.0,-6.47,mixed,enhanced,no
CS-2026-060191,2026-05-25,Nashik,CH-006,P-Patil,CC-76694,20.19,29.5,162.27,104.0,-16.35,chilled,enhanced,no
CS-2026-060192,2026-04-19,Indore,CH-077,S-Iyer,CC-28103,66.8,23.86,143.7,81.0,-19.49,mixed,enhanced,yes
CS-2026-060193,2026-06-03,Nashik,CH-042,N-Rao,CC-95797,63.32,28.42,148.41,20.0,-9.34,controlled,high-efficiency,no
CS-2026-060194,2026-01-13,Nagpur,CH-038,A-Mehta,CC-70392,71.33,33.33,56.41,53.0,6.48,mixed,enhanced,no
CS-2026-060195,2026-03-18,Indore,CH-047,N-Rao,CC-62797,35.26,36.63,75.91,109.0,-9.72,controlled,  STANDARD ,yes
CS-2026-060196,2026-01-13,Pune,CH-012,N-Rao,CC-84116,91.53,31.63,81.58,12.0,7.93,chilled,  STANDARD ,no
CS-2026-060197,2026-02-08,Pune,CH-073,R-Khan,CC-41810,95.17,25.36,156.48,48.0,-1.12,chilled,enhanced,yes
CS-2026-060198,2026-02-16,Surat,CH-019,P-Patil,CC-73229,90.9,37.11,151.08,65.0,3.1,controlled,enhanced,no
CS-2026-060199,2026-03-28,Nashik,CH-002,N-Rao,CC-56103,58.65,45.1,137.44,40.0,-10.49,chilled,standard,yes
CS-2026-060200,2026-03-31,Pune,CH-031,R-Khan,CC-92897,27.12,,64.01,82.0,-9.49,mixed,standard,yes
CS-2026-060201,2026-04-09,Nagpur,CH-078,A-Mehta,CC-98613,88.72,25.03,179.84,107.0,5.8,frozen,standard,yes
CS-2026-060202,2026-04-03,Surat,CH-074,A-Mehta,CC-91060,97.44,39.66,66.94,3.0,-0.09,controlled,high-efficiency,yes
CS-2026-060203,2026-04-12,Pune,CH-041,R-Khan,CC-76073,15.44,25.63,38.55,9.0,-22.18,chilled,high-efficiency,yes
CS-2026-060204,2026-03-16,Pune,CH-070,N-Rao,CC-30210,82.72,32.19,34.68,98.0,-8.48,mixed,enhanced,  YES 
CS-2026-060205,2026-06-24,Nashik,CH-080,P-Patil,CC-39925,117.9,29.89,148.3,65.0,-0.27,mixed,standard,no
CS-2026-060206,2026-05-13,Indore,CH-017,R-Khan,CC-94765,100.53,30.82,65.05,128.0,-21.63,chilled,high-efficiency,  NO 
CS-2026-060207,2026-02-28,Indore,CH-009,A-Mehta,CC-85236,19.47,25.34,,144.0,-22.7,frozen,standard,yes
CS-2026-060208,2026-04-16,Nashik,CH-043,S-Iyer,CC-99214,66.74,28.05,121.63,99.0,-14.42,mixed,high-efficiency,no
CS-2026-060209,2026-01-10,Nagpur,CH-018,N-Rao,CC-70108,92.13,,22.78,77.0,-12.53,  CHILLED ,high-efficiency,yes
CS-2026-060210,2026-01-25,Nagpur,CH-029,S-Iyer,CC-83321,117.55,29.38,168.8,137.0,3.53,controlled,high-efficiency,yes
CS-2026-060211,2026-03-02,Indore,CH-053,R-Khan,CC-61872,21.39,36.47,65.5,142.0,4.29,chilled,standard,no
CS-2026-060212,2026-03-13,Nashik,CH-018,A-Mehta,CC-63487,22.17,43.23,129.94,20.0,5.27,mixed,enhanced,no
CS-2026-060213,2026-01-30,Nagpur,CH-071,S-Iyer,CC-85407,15.37,31.7,94.93,114.0,-6.89,chilled,enhanced,yes
CS-2026-060214,2026-01-19,Nashik,CH-047,R-Khan,CC-13050,108.93,41.13,153.29,15.0,-1.1,chilled,enhanced,no
CS-2026-060215,2026-02-19,Surat,CH-056,A-Mehta,CC-14932,82.48,21.69,90.83,110.0,2.48,chilled,  STANDARD ,no
CS-2026-060216,2026-05-09,Surat,CH-075,N-Rao,CC-57002,23.23,43.47,152.89,120.0,6.19,frozen,standard,no
CS-2026-060217,2026-04-21,Indore,CH-039,R-Khan,CC-59314,8.47,28.13,28.1,80.0,-15.53,frozen,enhanced,yes
CS-2026-060218,2026-01-02,Nashik,CH-053,S-Iyer,CC-18532,84.11,19.02,179.52,119.0,-0.84,controlled,high-efficiency,yes
CS-2026-060219,2026-04-03,Nagpur,CH-030,N-Rao,CC-96542,35.39,45.04,78.87,99.0,-21.75,frozen,enhanced,no
CS-2026-060220,2026-01-21,Nashik,CH-032,N-Rao,CC-62104,28.47,35.5,38.6,116.0,-15.29,mixed,standard,no
CS-2026-060221,2026-02-05,Surat,CH-045,S-Iyer,CC-41943,76.93,18.91,123.74,49.0,5.0,frozen,high-efficiency,no
CS-2026-060222,2026-02-02,Nagpur,CH-002,N-Rao,CC-11160,98.17,42.66,102.38,119.0,0.58,frozen,standard,no
CS-2026-060223,2026-04-26,Surat,CH-079,P-Patil,CC-18124,9.9,22.75,60.19,47.0,-13.84,frozen,standard,  YES 
CS-2026-060224,2026-03-15,Indore,CH-039,A-Mehta,CC-90750,48.55,24.33,101.44,,-8.87,chilled,standard,no
CS-2026-060225,2026-04-08,Pune,CH-017,N-Rao,CC-33707,44.03,35.79,95.43,53.0,6.79,frozen,enhanced,yes
CS-2026-060226,2026-05-17,Pune,CH-032,P-Patil,CC-99646,119.98,31.53,6.88,142.0,-5.08,frozen,standard,yes
CS-2026-060227,2026-01-11,Pune,CH-080,N-Rao,CC-75627,67.36,26.99,72.9,115.0,-0.42,chilled,high-efficiency,no
CS-2026-060228,2026-03-14,Indore,CH-011,P-Patil,CC-29285,66.21,22.23,159.49,51.0,3.8,  CHILLED ,high-efficiency,no
CS-2026-060229,2026-01-05,Nashik,CH-075,R-Khan,CC-59626,46.7,37.18,81.21,19.0,-21.14,controlled,enhanced,no
CS-2026-060230,2026-01-01,Nashik,CH-027,R-Khan,CC-38193,30.84,36.3,91.29,101.0,-8.71,frozen,standard,yes
CS-2026-060231,2026-06-08,Nashik,CH-059,S-Iyer,CC-96921,98.29,36.47,48.82,79.0,4.55,controlled,enhanced,no
CS-2026-060232,2026-04-12,Nashik,CH-045,R-Khan,CC-29087,10.91,25.27,77.76,13.0,-18.93,mixed,standard,no
CS-2026-060233,2026-02-03,Nashik,CH-063,R-Khan,CC-57066,65.94,42.55,13.13,101.0,-0.23,  CONTROLLED ,enhanced,yes
CS-2026-060234,2026-03-30,Pune,CH-005,R-Khan,CC-17300,114.89,24.49,135.34,18.0,-5.22,controlled,enhanced,no
CS-2026-060235,2026-04-04,Indore,CH-072,A-Mehta,CC-72158,82.3,39.6,117.85,,-5.65,chilled,standard,no
CS-2026-060236,2026-01-26,Nagpur,CH-056,P-Patil,CC-24563,77.72,44.76,174.67,37.0,-1.46,mixed,enhanced,no
CS-2026-060237,2026-02-15,Nagpur,CH-052,N-Rao,CC-10516,91.8,34.7,76.61,7.0,-22.09,chilled,standard,no
CS-2026-060238,2026-03-05,Nagpur,CH-014,R-Khan,CC-37630,55.96,24.43,30.69,23.0,-7.18,  FROZEN ,enhanced,yes
CS-2026-060239,2026-06-06,Pune,CH-054,A-Mehta,CC-70178,67.01,29.71,43.26,81.0,-4.82,frozen,enhanced,yes
CS-2026-060240,2026-06-12,Surat,CH-079,R-Khan,CC-12108,15.04,23.64,,25.0,-20.41,chilled,high-efficiency,no
CS-2026-060241,2026-04-24,Nashik,CH-015,A-Mehta,CC-96511,111.23,27.57,,106.0,1.25,chilled,enhanced,no
CS-2026-060242,2026-05-26,Indore,CH-043,R-Khan,CC-70010,103.61,19.49,,106.0,-8.6,mixed,standard,yes
CS-2026-060243,2026-05-30,Pune,CH-064,N-Rao,CC-20428,101.59,22.93,39.46,122.0,-23.01,mixed,enhanced,yes
CS-2026-060244,2026-01-10,Surat,CH-064,R-Khan,CC-89647,50.81,44.3,171.89,112.0,-19.88,frozen,standard,no
CS-2026-060245,2026-03-27,Nashik,CH-020,R-Khan,CC-33859,15.26,36.18,50.07,15.0,-5.8,chilled,standard,yes
CS-2026-060246,2026-02-09,Surat,CH-030,P-Patil,CC-22691,17.81,21.84,6.44,100.0,-18.66,controlled,enhanced,no
CS-2026-060247,2026-05-21,Nashik,CH-080,N-Rao,CC-68130,109.19,38.55,,91.0,-14.04,mixed,standard,yes
CS-2026-060248,2026-01-25,Pune,CH-059,A-Mehta,CC-88483,51.93,20.4,30.57,132.0,7.81,frozen,standard,no
CS-2026-060249,2026-05-02,Nashik,CH-079,S-Iyer,CC-14031,91.96,,68.1,122.0,-14.62,controlled,  STANDARD ,no
CS-2026-060250,2026-04-27,Indore,CH-005,R-Khan,CC-53862,38.66,40.88,65.98,33.0,-23.76,  FROZEN ,standard,no
CS-2026-060251,2026-03-16,Nagpur,CH-055,R-Khan,CC-22431,47.09,18.29,66.95,7.0,-23.61,controlled,high-efficiency,yes
CS-2026-060252,2026-01-02,Indore,CH-067,S-Iyer,CC-61805,40.41,32.03,168.35,105.0,-1.36,frozen,enhanced,yes
CS-2026-060253,2026-05-19,Surat,CH-067,A-Mehta,CC-92262,52.49,21.14,43.27,142.0,-10.38,mixed,high-efficiency,  YES 
CS-2026-060254,2026-02-11,Pune,CH-050,P-Patil,CC-88922,62.24,30.49,131.52,91.0,-6.48,frozen,standard,no
CS-2026-060255,2026-04-23,Indore,CH-027,S-Iyer,CC-49418,65.01,39.77,14.62,36.0,-5.95,  MIXED ,  STANDARD ,yes
CS-2026-060256,2026-05-31,Indore,CH-004,S-Iyer,CC-83035,80.26,24.48,169.29,15.0,-12.0,frozen,high-efficiency,yes
CS-2026-060257,2026-04-23,Nashik,CH-077,A-Mehta,CC-14453,100.58,44.78,151.65,87.0,-15.51,chilled,high-efficiency,yes
CS-2026-060258,2026-04-02,Pune,CH-020,R-Khan,CC-48546,71.08,38.97,,129.0,-23.75,chilled,standard,yes
CS-2026-060259,2026-01-23,Nagpur,CH-024,P-Patil,CC-44818,107.38,30.81,40.1,29.0,-2.42,mixed,standard,yes
CS-2026-060260,2026-04-23,Nagpur,CH-019,N-Rao,CC-79987,26.98,20.96,126.58,112.0,-15.35,frozen,enhanced,no
CS-2026-060261,2026-02-09,Pune,CH-079,R-Khan,CC-22518,63.53,29.78,113.6,34.0,6.95,mixed,standard,no
CS-2026-060262,2026-02-23,Pune,CH-057,P-Patil,CC-21511,104.1,33.32,120.31,85.0,-18.81,chilled,  ENHANCED ,no
CS-2026-060263,2026-04-24,Indore,CH-027,A-Mehta,CC-92393,42.81,40.72,6.4,76.0,-23.8,chilled,  STANDARD ,no
CS-2026-060264,2026-05-02,Pune,CH-029,P-Patil,CC-44166,95.86,28.12,68.68,94.0,-20.69,chilled,  STANDARD ,yes
CS-2026-060265,2026-06-08,Pune,CH-053,R-Khan,CC-53175,22.77,20.84,133.07,103.0,-15.33,  CONTROLLED ,standard,no
CS-2026-060266,2026-05-07,Nagpur,CH-028,P-Patil,CC-57942,68.34,22.76,28.26,102.0,-21.27,frozen,  STANDARD ,yes
CS-2026-060267,2026-04-28,Nashik,CH-068,S-Iyer,CC-35942,12.02,43.43,26.97,77.0,-4.32,chilled,enhanced,yes
CS-2026-060268,2026-03-21,Nashik,CH-069,A-Mehta,CC-46676,64.47,32.42,135.32,104.0,-18.47,chilled,high-efficiency,no
CS-2026-060269,2026-06-01,Indore,CH-002,P-Patil,CC-50951,67.33,34.88,,105.0,-23.11,mixed,standard,  YES 
CS-2026-060270,2026-05-17,Nashik,CH-058,S-Iyer,CC-54596,97.2,26.95,22.69,46.0,-12.9,mixed,standard,no
CS-2026-060271,2026-04-08,Nagpur,CH-076,P-Patil,CC-91987,82.04,24.35,18.71,143.0,-5.26,controlled,enhanced,yes
CS-2026-060272,2026-03-30,Nashik,CH-003,P-Patil,CC-45766,31.04,36.13,115.76,40.0,-2.87,frozen,high-efficiency,no
CS-2026-060273,2026-06-23,Indore,CH-072,R-Khan,CC-44695,69.57,43.24,,8.0,5.55,frozen,standard,no
CS-2026-060274,2026-05-22,Nagpur,CH-055,A-Mehta,CC-53769,86.77,36.83,98.98,28.0,-22.41,chilled,high-efficiency,no
CS-2026-060275,2026-04-13,Nagpur,CH-008,R-Khan,CC-29574,57.53,24.46,61.06,28.0,-0.14,chilled,standard,no
CS-2026-060276,2026-01-11,Surat,CH-009,R-Khan,CC-36485,79.62,44.51,46.14,49.0,-20.06,mixed,standard,yes
CS-2026-060277,2026-03-31,Surat,CH-003,N-Rao,CC-32201,54.68,20.91,146.64,85.0,-22.72,mixed,  HIGH-EFFICIENCY ,no
CS-2026-060278,2026-02-26,Indore,CH-005,R-Khan,CC-13526,62.6,41.17,84.1,77.0,-18.94,  FROZEN ,high-efficiency,no
CS-2026-060279,2026-03-31,Indore,CH-053,P-Patil,CC-28643,117.74,45.98,59.81,19.0,-9.48,frozen,enhanced,yes
CS-2026-060280,2026-03-30,Nashik,CH-079,N-Rao,CC-53208,56.14,23.3,22.04,105.0,2.49,controlled,standard,no
CS-2026-060281,2026-01-09,Surat,CH-054,S-Iyer,CC-96482,60.96,27.91,84.39,,-6.37,frozen,standard,yes
CS-2026-060282,2026-02-11,Surat,CH-020,P-Patil,CC-85608,27.58,28.25,111.01,48.0,-18.79,mixed,enhanced,yes
CS-2026-060283,2026-06-28,Nagpur,CH-064,S-Iyer,CC-68825,22.99,36.15,13.18,70.0,-15.57,frozen,standard,yes
CS-2026-060284,2026-02-22,Indore,CH-011,N-Rao,CC-80965,95.9,27.95,130.69,121.0,-8.98,frozen,standard,yes
CS-2026-060285,2026-04-03,Pune,CH-062,A-Mehta,CC-45379,116.86,31.43,16.93,86.0,-6.95,chilled,standard,no
CS-2026-060286,2026-02-27,Nagpur,CH-053,S-Iyer,CC-75890,60.24,38.83,99.95,127.0,-15.46,chilled,standard,no
CS-2026-060287,2026-06-26,Nagpur,CH-076,R-Khan,CC-89822,68.56,45.94,124.25,78.0,2.06,chilled,  ENHANCED ,no
CS-2026-060288,2026-03-21,Nashik,CH-058,S-Iyer,CC-97831,96.34,32.93,111.93,92.0,-20.12,chilled,  HIGH-EFFICIENCY ,no
CS-2026-060289,2026-03-03,Nashik,CH-079,S-Iyer,CC-38563,15.89,33.64,37.91,134.0,-15.93,frozen,standard,no
CS-2026-060290,2026-02-10,Nagpur,CH-065,P-Patil,CC-35467,74.03,43.9,153.24,97.0,-21.43,mixed,enhanced,yes
CS-2026-060291,2026-04-20,Nashik,CH-028,S-Iyer,CC-12541,111.17,20.91,134.87,78.0,1.83,mixed,standard,  YES 
CS-2026-060292,2026-05-24,Nagpur,CH-004,S-Iyer,CC-68753,57.88,38.21,118.12,68.0,1.62,controlled,standard,no
CS-2026-060293,2026-01-10,Nagpur,CH-048,R-Khan,CC-55162,16.23,28.39,122.85,82.0,-0.49,chilled,enhanced,no
CS-2026-060294,2026-01-18,Pune,CH-065,A-Mehta,CC-94558,57.07,44.33,167.69,23.0,-10.31,mixed,high-efficiency,no
CS-2026-060295,2026-05-23,Indore,CH-004,N-Rao,CC-56750,68.27,33.75,90.41,78.0,-22.05,frozen,standard,no
CS-2026-060296,2026-06-14,Nashik,CH-059,R-Khan,CC-65774,94.95,45.3,47.98,62.0,-7.71,mixed,enhanced,no
CS-2026-060297,2026-01-01,Pune,CH-035,A-Mehta,CC-22895,73.97,33.28,52.67,34.0,-6.51,controlled,standard,no
CS-2026-060298,2026-03-15,Indore,CH-024,N-Rao,CC-81331,87.57,29.52,21.71,85.0,-11.06,controlled,standard,no
CS-2026-060299,2026-02-16,Nashik,CH-063,S-Iyer,CC-28638,10.47,25.08,84.69,59.0,2.9,frozen,standard,no
CS-2026-060300,2026-05-17,Pune,CH-058,A-Mehta,CC-63030,63.2,38.06,139.28,39.0,-22.91,controlled,standard,no
CS-2026-060301,2026-04-17,Nashik,CH-047,P-Patil,CC-95663,34.56,34.69,32.1,139.0,-16.69,frozen,enhanced,no
CS-2026-060302,2026-01-05,Pune,CH-014,P-Patil,CC-47053,44.52,36.55,9.24,78.0,-22.85,chilled,enhanced,  NO 
CS-2026-060303,2026-03-29,Surat,CH-041,S-Iyer,CC-99669,66.07,38.12,15.55,30.0,-17.78,frozen,enhanced,no
CS-2026-060304,2026-06-28,Pune,CH-057,A-Mehta,CC-14178,40.25,34.87,138.44,8.0,-12.43,frozen,enhanced,yes
CS-2026-060305,2026-03-06,Nagpur,CH-078,R-Khan,CC-16192,22.98,20.34,6.23,110.0,-3.54,frozen,high-efficiency,yes
CS-2026-060306,2026-02-18,Nagpur,CH-052,N-Rao,CC-33933,25.64,32.73,115.29,72.0,4.25,chilled,enhanced,no
CS-2026-060307,2026-04-06,Pune,CH-074,R-Khan,CC-40931,27.63,43.64,155.0,134.0,4.16,controlled,enhanced,  NO 
CS-2026-060308,2026-06-28,Nagpur,CH-069,P-Patil,CC-45575,60.68,34.53,126.31,7.0,-1.04,mixed,high-efficiency,no
CS-2026-060309,2026-03-20,Nashik,CH-050,A-Mehta,CC-28843,103.27,30.28,63.74,9.0,-23.06,frozen,enhanced,no
CS-2026-060310,2026-04-06,Nagpur,CH-005,A-Mehta,CC-20450,53.65,45.73,56.77,35.0,-12.4,frozen,standard,no
CS-2026-060311,2026-04-08,Pune,CH-065,P-Patil,CC-82393,49.12,24.04,65.96,127.0,1.96,chilled,standard,  YES 
CS-2026-060312,2026-01-25,Nashik,CH-065,S-Iyer,CC-22979,80.5,43.23,95.13,35.0,-23.49,chilled,enhanced,no
CS-2026-060313,2026-01-22,Nagpur,CH-003,P-Patil,CC-58256,65.3,28.17,60.32,18.0,7.83,frozen,enhanced,  YES 
CS-2026-060314,2026-03-02,Pune,CH-072,R-Khan,CC-32229,67.14,30.34,29.85,10.0,1.67,frozen,high-efficiency,no
CS-2026-060315,2026-03-10,Nagpur,CH-010,S-Iyer,CC-95480,70.41,36.12,86.3,99.0,3.52,controlled,enhanced,no
CS-2026-060316,2026-06-18,Surat,CH-030,A-Mehta,CC-72197,32.78,33.17,176.31,36.0,-22.67,chilled,high-efficiency,no
CS-2026-060317,2026-03-12,Pune,CH-067,P-Patil,CC-43643,37.56,37.5,98.11,138.0,-19.09,frozen,standard,yes
CS-2026-060318,2026-04-27,Indore,CH-078,S-Iyer,CC-72985,66.38,35.24,106.66,102.0,-20.44,chilled,standard,  NO 
CS-2026-060319,2026-04-24,Nashik,CH-026,S-Iyer,CC-60627,51.47,34.04,82.74,105.0,-14.91,frozen,standard,no
CS-2026-060320,2026-02-11,Pune,CH-045,R-Khan,CC-93938,62.45,25.93,50.2,10.0,-21.32,  MIXED ,standard,no
CS-2026-060321,2026-04-03,Nagpur,CH-036,A-Mehta,CC-67251,108.92,23.77,106.83,104.0,-9.79,controlled,standard,yes
CS-2026-060322,2026-01-30,Pune,CH-033,N-Rao,CC-87546,94.97,36.94,116.51,119.0,-19.43,controlled,enhanced,  NO 
CS-2026-060323,2026-04-16,Pune,CH-032,N-Rao,CC-57026,40.94,37.92,128.23,88.0,-18.82,controlled,enhanced,no
CS-2026-060324,2026-02-23,Indore,CH-067,P-Patil,CC-84788,101.69,20.68,47.9,,-5.08,controlled,high-efficiency,no
CS-2026-060325,2026-03-17,Surat,CH-029,N-Rao,CC-50710,54.98,38.35,5.56,7.0,-11.58,  MIXED ,standard,yes
CS-2026-060326,2026-03-10,Nagpur,CH-014,P-Patil,CC-38094,36.08,29.01,122.32,130.0,-15.24,chilled,standard,no
CS-2026-060327,2026-05-30,Nagpur,CH-072,S-Iyer,CC-58615,35.52,25.22,97.41,50.0,-13.16,chilled,standard,no
CS-2026-060328,2026-03-06,Pune,CH-053,S-Iyer,CC-67969,78.65,21.88,153.7,,1.61,chilled,  STANDARD ,no
CS-2026-060329,2026-03-05,Surat,CH-036,S-Iyer,CC-60108,89.17,32.31,173.21,141.0,-20.12,controlled,standard,yes
CS-2026-060330,2026-02-19,Indore,CH-072,N-Rao,CC-82905,101.33,41.81,29.61,55.0,1.83,  FROZEN ,enhanced,no
CS-2026-060331,2026-03-05,Surat,CH-006,N-Rao,CC-90532,117.3,37.81,94.21,71.0,7.51,controlled,standard,yes
CS-2026-060332,2026-02-27,Indore,CH-024,N-Rao,CC-68174,113.21,43.76,128.29,84.0,-13.53,  FROZEN ,enhanced,  NO 
CS-2026-060333,2026-06-12,Nagpur,CH-013,R-Khan,CC-74249,23.53,34.24,116.65,52.0,3.27,chilled,standard,yes
CS-2026-060334,2026-04-19,Pune,CH-065,P-Patil,CC-14872,25.19,23.75,111.99,15.0,-0.78,frozen,standard,yes
CS-2026-060335,2026-01-08,Indore,CH-011,A-Mehta,CC-42730,103.05,25.03,69.96,96.0,-10.43,frozen,standard,yes
CS-2026-060336,2026-01-17,Pune,CH-063,N-Rao,CC-35266,103.43,28.74,123.72,40.0,2.05,chilled,high-efficiency,yes
CS-2026-060337,2026-02-13,Nagpur,CH-011,R-Khan,CC-47796,10.42,31.56,87.9,132.0,-5.01,  FROZEN ,enhanced,yes
CS-2026-060338,2026-04-21,Nashik,CH-073,S-Iyer,CC-84000,73.04,21.4,7.37,106.0,-17.7,mixed,standard,yes
CS-2026-060339,2026-05-16,Surat,CH-053,R-Khan,CC-58613,65.85,41.43,40.01,49.0,-5.37,frozen,enhanced,no
CS-2026-060340,2026-05-06,Nashik,CH-006,S-Iyer,CC-58757,70.97,38.56,85.18,62.0,-6.0,frozen,standard,no
CS-2026-060341,2026-02-06,Indore,CH-020,R-Khan,CC-47244,17.35,37.56,70.62,11.0,-10.53,chilled,standard,no
CS-2026-060342,2026-02-09,Nashik,CH-062,A-Mehta,CC-64589,83.63,34.79,82.27,39.0,0.98,frozen,enhanced,yes
CS-2026-060343,2026-02-06,Pune,CH-054,N-Rao,CC-81169,12.45,45.68,59.48,70.0,-16.09,frozen,enhanced,yes
CS-2026-060344,2026-02-04,Indore,CH-067,A-Mehta,CC-20741,47.5,24.0,128.59,,-15.64,chilled,enhanced,yes
CS-2026-060345,2026-06-03,Indore,CH-016,N-Rao,CC-91308,21.93,38.23,109.02,74.0,7.82,chilled,high-efficiency,yes
CS-2026-060346,2026-01-15,Nashik,CH-016,N-Rao,CC-17991,45.28,26.49,106.81,104.0,-17.62,chilled,enhanced,no
CS-2026-060347,2026-05-26,Indore,CH-004,R-Khan,CC-83543,8.06,28.41,50.67,11.0,4.21,mixed,high-efficiency,no
CS-2026-060348,2026-05-25,Surat,CH-020,S-Iyer,CC-68544,115.49,,76.87,125.0,-18.22,frozen,  ENHANCED ,no
CS-2026-060349,2026-05-22,Surat,CH-037,S-Iyer,CC-79983,99.3,41.34,179.3,60.0,-0.48,frozen,enhanced,yes
CS-2026-060350,2026-04-13,Nagpur,CH-050,N-Rao,CC-82107,74.06,32.49,68.68,119.0,-0.47,frozen,enhanced,no
CS-2026-060351,2026-04-03,Indore,CH-044,P-Patil,CC-42936,25.78,36.09,6.58,9.0,3.3,chilled,enhanced,yes
CS-2026-060352,2026-01-09,Indore,CH-034,S-Iyer,CC-63072,77.28,21.43,95.13,59.0,-23.25,  CONTROLLED ,standard,no
CS-2026-060353,2026-05-07,Surat,CH-073,P-Patil,CC-93939,88.62,24.14,121.52,68.0,-10.74,chilled,enhanced,no
CS-2026-060354,2026-05-13,Nagpur,CH-033,R-Khan,CC-66686,64.03,42.8,111.8,144.0,4.05,controlled,standard,no
CS-2026-060355,2026-03-22,Surat,CH-042,A-Mehta,CC-52946,113.48,39.6,79.43,76.0,2.44,controlled,enhanced,yes
CS-2026-060356,2026-05-09,Surat,CH-074,N-Rao,CC-67245,109.06,29.75,,77.0,-3.68,mixed,high-efficiency,no
CS-2026-060357,2026-02-14,Nashik,CH-011,N-Rao,CC-53116,36.89,37.36,25.63,34.0,-9.59,chilled,  ENHANCED ,no
CS-2026-060358,2026-02-21,Surat,CH-010,P-Patil,CC-40117,81.5,18.68,46.64,71.0,5.02,chilled,standard,no
CS-2026-060359,2026-05-22,Nashik,CH-073,P-Patil,CC-13994,45.08,26.81,111.96,56.0,-23.97,mixed,high-efficiency,no
CS-2026-060360,2026-04-13,Surat,CH-003,R-Khan,CC-53531,118.75,37.73,92.51,13.0,-15.29,chilled,enhanced,yes
CS-2026-060361,2026-05-02,Indore,CH-042,P-Patil,CC-77973,115.28,42.36,137.29,,-7.59,mixed,standard,no
CS-2026-060362,2026-01-29,Nagpur,CH-076,P-Patil,CC-85293,64.69,25.09,52.75,126.0,-3.88,frozen,enhanced,yes
CS-2026-060363,2026-05-17,Nashik,CH-021,A-Mehta,CC-53814,93.28,20.35,32.78,30.0,-19.99,frozen,standard,no
CS-2026-060364,2026-03-31,Nagpur,CH-069,N-Rao,CC-87645,117.78,45.11,30.42,39.0,-18.53,frozen,standard,no
CS-2026-060365,2026-01-18,Nashik,CH-039,N-Rao,CC-59656,32.47,21.63,7.85,108.0,-4.94,frozen,standard,no
CS-2026-060366,2026-05-14,Pune,CH-007,P-Patil,CC-53679,54.51,38.43,154.97,51.0,-21.77,frozen,high-efficiency,yes
CS-2026-060367,2026-04-22,Indore,CH-002,R-Khan,CC-95712,27.84,31.55,17.87,,-7.16,chilled,standard,no
CS-2026-060368,2026-05-24,Pune,CH-040,N-Rao,CC-72322,16.05,26.09,16.85,136.0,-9.22,mixed,enhanced,no
CS-2026-060369,2026-03-02,Indore,CH-058,R-Khan,CC-49313,49.93,34.48,97.78,34.0,-19.06,mixed,enhanced,no
CS-2026-060370,2026-02-11,Pune,CH-012,R-Khan,CC-57336,99.07,31.09,94.62,27.0,-16.55,chilled,enhanced,no
CS-2026-060371,2026-03-22,Nashik,CH-065,P-Patil,CC-18919,14.67,25.47,143.72,35.0,-22.42,frozen,enhanced,no
CS-2026-060372,2026-02-13,Nagpur,CH-021,P-Patil,CC-94126,15.93,29.52,91.08,87.0,-17.95,frozen,enhanced,no
CS-2026-060373,2026-05-09,Nashik,CH-011,S-Iyer,CC-69294,98.49,23.37,143.41,28.0,-5.92,frozen,standard,no
CS-2026-060374,2026-02-09,Indore,CH-078,N-Rao,CC-56424,25.69,35.74,100.83,111.0,-20.05,chilled,high-efficiency,yes
CS-2026-060375,2026-01-01,Nashik,CH-005,P-Patil,CC-97408,66.17,39.85,165.85,123.0,-11.4,chilled,standard,no
CS-2026-060376,2026-01-09,Indore,CH-045,S-Iyer,CC-75792,68.46,24.99,107.54,127.0,0.75,  FROZEN ,standard,no
CS-2026-060377,2026-03-16,Surat,CH-011,A-Mehta,CC-50924,63.1,31.77,143.08,87.0,3.42,mixed,standard,no
CS-2026-060378,2026-06-20,Nagpur,CH-005,P-Patil,CC-91315,68.08,41.47,170.16,96.0,-23.83,controlled,high-efficiency,yes
CS-2026-060379,2026-05-08,Nashik,CH-043,P-Patil,CC-19120,62.57,29.16,123.93,86.0,-4.43,chilled,standard,no
CS-2026-060380,2026-03-25,Surat,CH-014,R-Khan,CC-36728,61.69,18.66,32.13,128.0,4.28,frozen,enhanced,yes
CS-2026-060381,2026-03-02,Nashik,CH-026,R-Khan,CC-55906,98.15,24.96,172.03,91.0,-2.04,  FROZEN ,standard,no
CS-2026-060382,2026-02-17,Pune,CH-057,N-Rao,CC-95762,17.78,25.34,24.6,127.0,-22.48,frozen,enhanced,  YES 
CS-2026-060383,2026-02-26,Surat,CH-067,R-Khan,CC-14989,95.79,23.86,86.45,40.0,-20.8,mixed,enhanced,no
CS-2026-060384,2026-06-05,Pune,CH-040,S-Iyer,CC-57925,98.9,34.14,69.18,64.0,-23.77,frozen,high-efficiency,yes
CS-2026-060385,2026-04-27,Nashik,CH-059,S-Iyer,CC-76417,92.52,45.91,112.41,109.0,-0.04,mixed,standard,no
CS-2026-060386,2026-04-15,Nashik,CH-007,S-Iyer,CC-77237,26.04,42.61,118.6,112.0,-19.71,chilled,standard,yes
CS-2026-060387,2026-05-22,Pune,CH-029,R-Khan,CC-50808,22.1,37.25,13.55,112.0,-19.32,  MIXED ,standard,yes
CS-2026-060388,2026-05-28,Surat,CH-078,P-Patil,CC-38823,104.47,31.51,49.06,20.0,-1.15,frozen,high-efficiency,  YES 
CS-2026-060389,2026-06-13,Nagpur,CH-023,R-Khan,CC-37180,117.31,30.96,38.77,96.0,-22.7,frozen,high-efficiency,no
CS-2026-060390,2026-05-19,Nashik,CH-058,A-Mehta,CC-36526,30.83,25.96,59.98,19.0,0.18,frozen,standard,no
CS-2026-060391,2026-02-04,Indore,CH-073,R-Khan,CC-25756,90.79,19.3,27.29,33.0,-8.35,mixed,standard,yes
CS-2026-060392,2026-03-24,Surat,CH-008,P-Patil,CC-82487,104.62,33.8,29.6,38.0,-3.07,mixed,  HIGH-EFFICIENCY ,yes
CS-2026-060393,2026-01-06,Pune,CH-030,P-Patil,CC-72638,102.16,30.27,13.41,17.0,-8.96,chilled,enhanced,no
CS-2026-060394,2026-05-22,Nashik,CH-030,S-Iyer,CC-10679,81.05,32.57,177.42,110.0,4.34,chilled,standard,yes
CS-2026-060395,2026-05-11,Nagpur,CH-080,S-Iyer,CC-31445,84.69,25.11,105.98,22.0,-19.99,mixed,enhanced,  NO 
CS-2026-060396,2026-05-29,Nagpur,CH-001,A-Mehta,CC-74225,77.97,30.87,104.1,79.0,-21.87,controlled,high-efficiency,no
CS-2026-060397,2026-03-25,Nashik,CH-078,N-Rao,CC-86950,15.01,30.64,167.79,7.0,-3.05,chilled,enhanced,no
CS-2026-060398,2026-04-30,Surat,CH-040,P-Patil,CC-59071,13.97,40.89,29.5,29.0,-16.4,frozen,enhanced,no
CS-2026-060399,2026-04-05,Indore,CH-019,S-Iyer,CC-84049,80.04,29.91,61.5,103.0,-16.55,chilled,high-efficiency,no
CS-2026-060400,2026-05-18,Indore,CH-067,A-Mehta,CC-95760,108.24,35.72,26.83,59.0,-19.12,controlled,standard,no
CS-2026-060401,2026-03-21,Nagpur,CH-052,N-Rao,CC-96085,75.1,32.6,53.41,60.0,7.91,controlled,standard,no
CS-2026-060402,2026-03-03,Nashik,CH-058,S-Iyer,CC-79953,15.62,43.97,72.09,45.0,-11.03,chilled,enhanced,yes
CS-2026-060403,2026-04-03,Nashik,CH-069,N-Rao,CC-58792,96.1,32.61,97.8,114.0,4.36,mixed,  STANDARD ,yes
CS-2026-060404,2026-04-01,Surat,CH-011,A-Mehta,CC-56063,26.13,18.06,46.27,112.0,-12.93,controlled,enhanced,no
CS-2026-060405,2026-06-04,Nashik,CH-049,P-Patil,CC-61612,83.23,34.59,74.52,45.0,2.03,controlled,standard,yes
CS-2026-060406,2026-04-22,Pune,CH-063,S-Iyer,CC-10271,98.62,,168.02,80.0,-22.61,frozen,enhanced,  NO 
CS-2026-060407,2026-05-12,Nagpur,CH-039,N-Rao,CC-40378,85.86,22.88,18.9,49.0,-17.33,controlled,high-efficiency,yes
CS-2026-060408,2026-02-07,Nashik,CH-066,R-Khan,CC-13514,11.79,18.86,10.39,26.0,-9.42,frozen,standard,yes
CS-2026-060409,2026-03-03,Surat,CH-041,S-Iyer,CC-69365,57.92,22.92,116.35,121.0,-16.82,chilled,enhanced,no
CS-2026-060410,2026-02-23,Nagpur,CH-009,R-Khan,CC-23881,55.58,31.56,48.63,127.0,-13.54,controlled,standard,  NO 
CS-2026-060411,2026-02-28,Pune,CH-021,N-Rao,CC-13292,23.62,19.65,117.17,129.0,-6.31,mixed,standard,no
CS-2026-060412,2026-06-12,Indore,CH-018,P-Patil,CC-35037,110.23,24.28,157.55,19.0,-15.25,frozen,standard,no
CS-2026-060413,2026-02-19,Pune,CH-030,N-Rao,CC-30359,39.75,34.43,68.43,83.0,-11.14,chilled,standard,no
CS-2026-060414,2026-06-13,Pune,CH-045,S-Iyer,CC-26338,119.44,19.68,136.73,139.0,-18.37,controlled,standard,yes
CS-2026-060415,2026-05-03,Indore,CH-002,S-Iyer,CC-65944,23.78,32.28,177.26,21.0,-0.52,  FROZEN ,high-efficiency,  YES 
CS-2026-060416,2026-02-08,Nashik,CH-051,N-Rao,CC-93068,25.91,19.32,171.04,98.0,-20.05,chilled,standard,yes
CS-2026-060417,2026-05-27,Pune,CH-056,N-Rao,CC-32857,119.99,19.06,161.5,118.0,-1.32,controlled,enhanced,no
CS-2026-060418,2026-01-27,Indore,CH-070,S-Iyer,CC-63684,32.17,21.72,16.44,12.0,-2.74,mixed,enhanced,yes
CS-2026-060419,2026-02-15,Pune,CH-037,S-Iyer,CC-28206,44.68,25.33,76.3,14.0,-16.55,frozen,high-efficiency,yes
CS-2026-060420,2026-01-14,Nashik,CH-012,S-Iyer,CC-31890,61.75,41.71,84.87,29.0,-13.14,chilled,standard,no
CS-2026-060421,2026-01-29,Nagpur,CH-002,P-Patil,CC-71297,44.57,19.74,32.25,61.0,-12.16,chilled,standard,yes
CS-2026-060422,2026-05-10,Nashik,CH-010,A-Mehta,CC-38387,20.2,25.03,33.15,113.0,1.93,chilled,enhanced,no
CS-2026-060423,2026-02-18,Indore,CH-009,A-Mehta,CC-36507,107.11,36.5,32.67,97.0,-11.76,frozen,enhanced,  NO 
CS-2026-060424,2026-03-04,Nagpur,CH-077,R-Khan,CC-23810,66.0,28.31,95.53,100.0,-18.38,chilled,standard,  YES 
CS-2026-060425,2026-03-17,Surat,CH-049,P-Patil,CC-48801,56.05,28.87,50.23,10.0,-2.7,mixed,  STANDARD ,no
CS-2026-060426,2026-03-17,Nagpur,CH-055,R-Khan,CC-40443,82.76,30.92,5.69,136.0,-20.75,mixed,enhanced,yes
CS-2026-060427,2026-04-30,Nagpur,CH-062,N-Rao,CC-73028,61.27,35.28,30.5,57.0,-7.35,chilled,enhanced,no
CS-2026-060428,2026-01-31,Surat,CH-020,S-Iyer,CC-17691,49.17,36.76,6.33,8.0,-10.24,frozen,enhanced,no
CS-2026-060429,2026-03-22,Nagpur,CH-056,A-Mehta,CC-43701,11.8,19.95,174.73,97.0,-22.16,mixed,standard,yes
CS-2026-060430,2026-06-05,Nagpur,CH-048,A-Mehta,CC-31144,55.66,33.2,32.11,44.0,-0.03,frozen,standard,no
CS-2026-060431,2026-06-09,Nagpur,CH-002,R-Khan,CC-73720,9.75,27.98,155.36,106.0,5.67,controlled,high-efficiency,no
CS-2026-060432,2026-06-21,Indore,CH-049,P-Patil,CC-80181,44.63,37.22,47.82,22.0,-8.41,controlled,standard,yes
CS-2026-060433,2026-01-16,Pune,CH-065,P-Patil,CC-30725,80.02,31.91,66.97,62.0,2.08,chilled,standard,no
CS-2026-060434,2026-04-29,Surat,CH-036,P-Patil,CC-53578,21.61,44.27,40.0,71.0,-14.44,mixed,standard,no
CS-2026-060435,2026-02-05,Nagpur,CH-044,N-Rao,CC-61815,89.45,42.18,66.42,98.0,-2.24,chilled,standard,no
CS-2026-060436,2026-05-05,Indore,CH-018,N-Rao,CC-49736,82.34,34.94,10.69,81.0,1.84,chilled,enhanced,  NO 
CS-2026-060437,2026-01-03,Indore,CH-061,S-Iyer,CC-33873,14.8,43.99,36.32,18.0,-18.85,chilled,standard,yes
CS-2026-060438,2026-03-17,Indore,CH-004,A-Mehta,CC-46777,54.48,30.29,54.42,129.0,-14.98,frozen,enhanced,yes
CS-2026-060439,2026-05-29,Pune,CH-028,S-Iyer,CC-19032,73.19,25.51,32.96,58.0,-18.41,chilled,enhanced,yes
CS-2026-060440,2026-04-26,Surat,CH-046,N-Rao,CC-97931,48.4,41.6,131.94,11.0,-7.79,chilled,  STANDARD ,no
CS-2026-060441,2026-04-12,Surat,CH-014,A-Mehta,CC-15949,89.95,39.06,67.02,27.0,0.41,chilled,enhanced,no
CS-2026-060442,2026-06-25,Surat,CH-035,P-Patil,CC-19485,26.61,31.25,48.42,,-5.09,mixed,  HIGH-EFFICIENCY ,no
CS-2026-060443,2026-06-16,Indore,CH-012,P-Patil,CC-91369,12.24,38.56,84.54,24.0,5.81,mixed,standard,no
CS-2026-060444,2026-03-06,Nagpur,CH-035,S-Iyer,CC-40483,22.92,20.45,61.8,59.0,-4.58,  FROZEN ,standard,no
CS-2026-060445,2026-06-09,Surat,CH-068,S-Iyer,CC-45834,83.22,41.15,,67.0,-13.86,controlled,standard,no
CS-2026-060446,2026-01-14,Pune,CH-038,N-Rao,CC-36373,82.27,43.55,28.43,45.0,-8.17,mixed,standard,no
CS-2026-060447,2026-01-21,Indore,CH-023,R-Khan,CC-16246,100.28,36.34,134.44,6.0,-7.35,chilled,standard,no
CS-2026-060448,2026-03-11,Nagpur,CH-040,A-Mehta,CC-50781,76.42,44.89,,33.0,7.53,chilled,standard,  NO 
CS-2026-060449,2026-05-09,Nashik,CH-055,S-Iyer,CC-98979,107.72,35.36,6.54,39.0,6.76,frozen,high-efficiency,no
CS-2026-060450,2026-01-05,Pune,CH-058,N-Rao,CC-41808,77.54,36.46,57.47,124.0,3.99,  FROZEN ,standard,no
CS-2026-060451,2026-05-28,Nagpur,CH-073,S-Iyer,CC-68140,106.95,26.98,124.72,73.0,-3.46,mixed,standard,no
CS-2026-060452,2026-06-02,Surat,CH-024,N-Rao,CC-65681,10.13,32.83,161.92,99.0,2.64,  MIXED ,enhanced,no
CS-2026-060453,2026-06-29,Nashik,CH-076,N-Rao,CC-58342,101.65,35.86,174.82,5.0,-1.02,  CHILLED ,  STANDARD ,yes
CS-2026-060454,2026-04-17,Pune,CH-054,S-Iyer,CC-65413,27.56,19.73,100.19,82.0,-11.87,chilled,enhanced,  NO 
CS-2026-060455,2026-02-15,Indore,CH-044,A-Mehta,CC-43066,34.06,33.43,116.22,88.0,-16.48,chilled,high-efficiency,yes
CS-2026-060456,2026-02-12,Surat,CH-059,A-Mehta,CC-52242,113.55,33.81,37.03,138.0,-20.25,mixed,standard,yes
CS-2026-060457,2026-04-25,Indore,CH-072,N-Rao,CC-22758,18.93,29.3,51.35,17.0,-6.45,mixed,standard,yes
CS-2026-060458,2026-02-28,Nagpur,CH-011,N-Rao,CC-25538,45.0,27.19,27.12,104.0,-18.2,chilled,standard,yes
CS-2026-060459,2026-04-21,Surat,CH-028,N-Rao,CC-68717,15.08,31.97,106.84,62.0,-18.47,controlled,enhanced,no
CS-2026-060460,2026-01-08,Surat,CH-053,S-Iyer,CC-13163,75.42,31.22,102.34,129.0,-15.01,frozen,enhanced,no
CS-2026-060461,2026-02-16,Indore,CH-076,N-Rao,CC-46086,61.11,31.47,37.48,109.0,-10.13,chilled,enhanced,yes
CS-2026-060462,2026-04-14,Indore,CH-007,A-Mehta,CC-64578,50.63,22.68,141.61,49.0,-8.02,chilled,enhanced,no
CS-2026-060463,2026-04-04,Surat,CH-051,P-Patil,CC-60369,66.26,33.26,166.73,21.0,-16.72,frozen,enhanced,yes
CS-2026-060464,2026-05-07,Nashik,CH-024,N-Rao,CC-58604,54.48,30.96,94.76,90.0,-15.98,  FROZEN ,enhanced,yes
CS-2026-060465,2026-06-11,Surat,CH-063,N-Rao,CC-77102,111.55,21.62,23.91,82.0,-19.18,chilled,standard,no
CS-2026-060466,2026-01-22,Nagpur,CH-080,A-Mehta,CC-41006,27.87,40.41,46.89,124.0,-6.05,controlled,  HIGH-EFFICIENCY ,no
CS-2026-060467,2026-05-03,Nagpur,CH-022,N-Rao,CC-21981,108.07,22.07,52.13,111.0,-6.72,frozen,enhanced,yes
CS-2026-060468,2026-05-31,Pune,CH-045,P-Patil,CC-16510,81.86,22.22,38.88,,-4.67,frozen,standard,yes
CS-2026-060469,2026-04-08,Nashik,CH-063,P-Patil,CC-49016,85.07,34.83,168.11,4.0,7.47,mixed,enhanced,yes
CS-2026-060470,2026-05-03,Nashik,CH-064,N-Rao,CC-15111,54.33,39.61,5.08,119.0,-16.53,controlled,enhanced,no
CS-2026-060471,2026-01-08,Surat,CH-075,R-Khan,CC-79792,31.59,42.46,91.6,16.0,2.22,chilled,standard,no
CS-2026-060472,2026-01-08,Indore,CH-075,A-Mehta,CC-84847,33.1,23.51,171.45,99.0,-3.78,chilled,standard,yes
CS-2026-060473,2026-04-04,Surat,CH-045,N-Rao,CC-61228,49.41,44.02,6.83,95.0,4.71,mixed,standard,no
CS-2026-060474,2026-04-04,Indore,CH-055,R-Khan,CC-97773,78.69,,104.52,34.0,-10.92,chilled,standard,no
CS-2026-060475,2026-04-17,Nagpur,CH-051,P-Patil,CC-73132,10.27,,137.13,122.0,2.85,chilled,enhanced,yes
CS-2026-060476,2026-04-27,Indore,CH-058,R-Khan,CC-16137,24.19,31.6,,38.0,-7.69,controlled,standard,yes
CS-2026-060477,2026-01-31,Nagpur,CH-029,R-Khan,CC-39456,66.89,26.6,26.59,101.0,-7.89,chilled,standard,yes
CS-2026-060478,2026-01-18,Nagpur,CH-037,R-Khan,CC-41895,113.67,42.47,171.89,115.0,3.96,chilled,standard,no
CS-2026-060479,2026-01-06,Indore,CH-017,P-Patil,CC-91967,111.04,25.75,175.78,24.0,-0.98,frozen,standard,yes
CS-2026-060480,2026-01-04,Surat,CH-074,R-Khan,CC-38214,51.03,27.91,150.52,139.0,-15.32,frozen,high-efficiency,no
CS-2026-060481,2026-05-21,Pune,CH-019,R-Khan,CC-74360,40.39,,6.45,108.0,-9.49,frozen,high-efficiency,no
CS-2026-060482,2026-06-23,Surat,CH-039,A-Mehta,CC-28425,91.9,32.46,15.06,50.0,-10.75,mixed,enhanced,no
CS-2026-060483,2026-06-06,Pune,CH-056,P-Patil,CC-91175,118.97,20.92,27.79,105.0,-3.13,frozen,enhanced,no
CS-2026-060484,2026-03-08,Indore,CH-073,P-Patil,CC-77882,84.3,42.1,124.85,32.0,-12.84,mixed,standard,no
CS-2026-060485,2026-04-02,Indore,CH-031,N-Rao,CC-65700,13.0,44.06,119.52,88.0,-8.72,frozen,high-efficiency,yes
CS-2026-060486,2026-01-08,Pune,CH-032,P-Patil,CC-46547,83.52,25.03,154.48,26.0,-20.17,frozen,  HIGH-EFFICIENCY ,no
CS-2026-060487,2026-06-30,Indore,CH-043,P-Patil,CC-14508,85.01,27.71,113.64,92.0,-12.35,controlled,high-efficiency,no
CS-2026-060488,2026-05-13,Nagpur,CH-012,R-Khan,CC-34712,60.37,30.84,175.33,70.0,4.88,chilled,high-efficiency,no
CS-2026-060489,2026-03-11,Nashik,CH-043,N-Rao,CC-33331,92.07,42.08,21.9,52.0,7.34,controlled,enhanced,no
CS-2026-060490,2026-04-10,Pune,CH-053,P-Patil,CC-22918,44.82,18.92,25.27,115.0,1.45,  FROZEN ,enhanced,  NO 
CS-2026-060491,2026-01-21,Nagpur,CH-014,R-Khan,CC-46151,63.44,40.6,111.82,117.0,3.04,chilled,standard,no
CS-2026-060492,2026-04-08,Pune,CH-046,A-Mehta,CC-76411,101.99,24.8,17.0,41.0,-11.53,  CHILLED ,enhanced,no
CS-2026-060493,2026-03-20,Indore,CH-064,S-Iyer,CC-16972,78.88,38.75,104.72,79.0,2.51,frozen,high-efficiency,yes
CS-2026-060494,2026-01-08,Nagpur,CH-036,A-Mehta,CC-62328,78.9,45.6,10.4,93.0,-3.98,chilled,high-efficiency,no
CS-2026-060495,2026-06-28,Nashik,CH-048,N-Rao,CC-57841,12.52,27.51,94.14,8.0,-4.18,mixed,standard,yes
CS-2026-060496,2026-01-24,Surat,CH-015,P-Patil,CC-82616,108.87,24.24,93.63,9.0,-4.85,  MIXED ,high-efficiency,  NO 
CS-2026-060497,2026-03-20,Pune,CH-074,S-Iyer,CC-93142,114.24,36.19,30.43,47.0,-18.34,frozen,  ENHANCED ,yes
CS-2026-060498,2026-06-21,Pune,CH-033,A-Mehta,CC-21285,100.67,19.96,105.49,90.0,-11.21,chilled,standard,no
CS-2026-060499,2026-02-11,Nashik,CH-078,A-Mehta,CC-13555,47.23,29.62,39.2,108.0,-4.54,  CONTROLLED ,enhanced,yes
CS-2026-060500,2026-01-31,Nagpur,CH-021,R-Khan,CC-62521,118.24,43.35,172.17,48.0,4.05,chilled,enhanced,no
CS-2026-060501,2026-02-05,Indore,CH-010,R-Khan,CC-86326,88.14,36.07,120.03,11.0,-16.1,chilled,  STANDARD ,no
CS-2026-060502,2026-02-09,Nagpur,CH-010,R-Khan,CC-28447,36.53,29.09,103.95,96.0,-17.57,mixed,standard,yes
CS-2026-060503,2026-06-16,Surat,CH-018,N-Rao,CC-10014,61.94,28.2,74.22,28.0,-7.94,mixed,enhanced,no
CS-2026-060504,2026-02-09,Nashik,CH-049,R-Khan,CC-33851,64.39,44.58,117.73,113.0,-10.37,mixed,high-efficiency,no
CS-2026-060505,2026-03-30,Indore,CH-060,N-Rao,CC-54556,70.76,21.87,101.16,,-1.85,frozen,high-efficiency,no
CS-2026-060506,2026-01-15,Nagpur,CH-026,N-Rao,CC-93277,51.5,42.2,75.95,53.0,-16.78,chilled,standard,yes
CS-2026-060507,2026-06-06,Indore,CH-017,P-Patil,CC-87936,51.77,38.03,50.21,69.0,0.59,mixed,  STANDARD ,no
CS-2026-060508,2026-01-26,Pune,CH-051,P-Patil,CC-63804,24.7,29.27,140.26,95.0,2.67,mixed,standard,no
CS-2026-060509,2026-03-04,Indore,CH-063,S-Iyer,CC-84321,20.22,43.58,160.06,49.0,2.31,frozen,high-efficiency,yes
CS-2026-060510,2026-04-26,Nagpur,CH-034,P-Patil,CC-55016,43.93,25.93,121.6,88.0,6.77,frozen,high-efficiency,no
CS-2026-060511,2026-05-13,Indore,CH-046,R-Khan,CC-59480,45.33,25.52,124.71,69.0,-13.77,mixed,high-efficiency,no
CS-2026-060512,2026-04-08,Pune,CH-001,A-Mehta,CC-91477,19.84,26.52,130.79,119.0,-19.98,chilled,enhanced,no
CS-2026-060513,2026-01-05,Nashik,CH-027,A-Mehta,CC-32850,112.32,38.98,58.55,85.0,-20.4,frozen,  STANDARD ,yes
CS-2026-060514,2026-03-30,Nagpur,CH-021,A-Mehta,CC-64779,28.75,18.87,86.13,58.0,0.02,  CHILLED ,standard,no
CS-2026-060515,2026-04-18,Indore,CH-046,A-Mehta,CC-11249,34.19,28.86,52.63,52.0,0.84,controlled,enhanced,no
CS-2026-060516,2026-03-13,Indore,CH-052,N-Rao,CC-56631,68.67,34.65,34.3,56.0,3.49,chilled,standard,no
CS-2026-060517,2026-05-13,Indore,CH-079,P-Patil,CC-56965,65.23,26.92,66.69,99.0,-14.44,mixed,enhanced,no
CS-2026-060518,2026-04-05,Nagpur,CH-033,S-Iyer,CC-14372,9.16,22.77,69.71,33.0,-18.54,chilled,standard,no
CS-2026-060519,2026-04-16,Surat,CH-041,A-Mehta,CC-14911,72.7,21.08,85.21,77.0,-2.57,mixed,standard,no
CS-2026-060520,2026-01-27,Indore,CH-052,N-Rao,CC-29761,44.48,26.56,37.67,89.0,3.19,chilled,standard,yes
CS-2026-060521,2026-04-22,Nagpur,CH-028,S-Iyer,CC-49385,68.06,24.23,69.82,139.0,7.12,mixed,standard,no
CS-2026-060522,2026-01-21,Pune,CH-055,P-Patil,CC-48985,107.07,39.99,161.95,9.0,1.94,controlled,high-efficiency,no
CS-2026-060523,2026-02-14,Nagpur,CH-015,A-Mehta,CC-18804,115.51,20.26,35.2,29.0,-12.83,frozen,standard,no
CS-2026-060524,2026-04-16,Indore,CH-056,R-Khan,CC-41407,76.7,34.84,11.24,134.0,-12.64,chilled,standard,yes
CS-2026-060525,2026-04-14,Nashik,CH-001,A-Mehta,CC-56021,76.98,24.36,9.85,57.0,-1.75,frozen,standard,yes
CS-2026-060526,2026-06-11,Nagpur,CH-044,R-Khan,CC-63635,97.29,45.62,110.77,40.0,-8.56,frozen,standard,yes
CS-2026-060527,2026-02-22,Pune,CH-041,S-Iyer,CC-21136,35.18,28.19,66.68,85.0,0.19,chilled,standard,no
CS-2026-060528,2026-01-02,Surat,CH-007,N-Rao,CC-37838,35.08,37.64,87.41,125.0,3.12,chilled,enhanced,yes
CS-2026-060529,2026-02-11,Nagpur,CH-034,R-Khan,CC-41972,34.26,28.71,100.46,99.0,7.48,controlled,enhanced,no
CS-2026-060530,2026-06-22,Nashik,CH-019,P-Patil,CC-83638,111.81,27.49,179.55,109.0,-22.08,frozen,standard,no
CS-2026-060531,2026-03-11,Surat,CH-060,A-Mehta,CC-97096,11.71,45.84,43.44,26.0,-19.31,  FROZEN ,enhanced,no
CS-2026-060532,2026-06-26,Nashik,CH-046,N-Rao,CC-89016,37.44,,22.67,123.0,4.34,chilled,standard,no
CS-2026-060533,2026-01-18,Nashik,CH-065,A-Mehta,CC-48447,24.53,20.52,118.33,62.0,-13.67,mixed,standard,no
CS-2026-060534,2026-01-14,Surat,CH-007,S-Iyer,CC-42139,39.5,31.39,97.94,125.0,-14.22,controlled,standard,no
CS-2026-060535,2026-06-22,Pune,CH-072,R-Khan,CC-79510,23.55,24.72,68.23,66.0,1.08,mixed,high-efficiency,no
CS-2026-060536,2026-02-27,Surat,CH-025,A-Mehta,CC-73050,29.0,22.88,146.76,126.0,1.56,chilled,standard,no
CS-2026-060537,2026-01-18,Nagpur,CH-065,A-Mehta,CC-22899,101.17,39.27,76.26,30.0,-20.11,chilled,standard,no
CS-2026-060538,2026-01-05,Indore,CH-025,S-Iyer,CC-50091,91.54,26.1,135.3,68.0,-20.87,frozen,enhanced,no
CS-2026-060539,2026-01-20,Nashik,CH-074,N-Rao,CC-98670,52.75,26.24,,144.0,1.37,frozen,high-efficiency,no
CS-2026-060540,2026-06-25,Surat,CH-066,A-Mehta,CC-26212,76.07,,83.49,62.0,3.53,frozen,enhanced,no
CS-2026-060541,2026-06-04,Nagpur,CH-077,A-Mehta,CC-43407,52.11,30.28,55.92,118.0,4.23,chilled,enhanced,no
CS-2026-060542,2026-02-10,Pune,CH-040,N-Rao,CC-60292,35.19,20.1,,32.0,-5.88,chilled,standard,no
CS-2026-060543,2026-03-16,Nagpur,CH-035,P-Patil,CC-53592,103.98,23.57,10.14,18.0,3.91,  FROZEN ,standard,no
CS-2026-060544,2026-06-02,Nashik,CH-020,R-Khan,CC-68903,29.1,27.91,177.92,125.0,-4.81,frozen,standard,yes
CS-2026-060545,2026-04-15,Nagpur,CH-047,A-Mehta,CC-58185,116.31,27.07,17.87,81.0,7.19,chilled,enhanced,no
CS-2026-060546,2026-01-10,Nagpur,CH-057,N-Rao,CC-25316,37.25,40.24,14.57,92.0,-9.49,chilled,high-efficiency,yes
CS-2026-060547,2026-02-04,Nagpur,CH-015,R-Khan,CC-29122,37.86,43.37,150.45,144.0,-5.06,mixed,high-efficiency,no
CS-2026-060548,2026-05-24,Nashik,CH-055,N-Rao,CC-36610,69.19,22.44,,130.0,-12.73,chilled,  STANDARD ,no
CS-2026-060549,2026-02-08,Nashik,CH-013,R-Khan,CC-64935,44.32,40.87,48.1,90.0,-17.77,frozen,high-efficiency,no
CS-2026-060550,2026-03-16,Nagpur,CH-010,S-Iyer,CC-80827,54.36,40.94,,61.0,-5.52,frozen,enhanced,yes
CS-2026-060551,2026-02-16,Pune,CH-007,R-Khan,CC-50424,94.13,42.78,66.35,30.0,-4.37,chilled,high-efficiency,no
CS-2026-060552,2026-04-03,Nagpur,CH-072,P-Patil,CC-32292,47.53,30.26,78.31,102.0,-7.09,frozen,  ENHANCED ,no
CS-2026-060553,2026-03-21,Indore,CH-078,N-Rao,CC-51563,25.5,20.61,171.75,37.0,4.48,chilled,high-efficiency,no
CS-2026-060554,2026-01-16,Nashik,CH-015,A-Mehta,CC-50213,66.09,27.83,7.03,,-19.22,chilled,enhanced,no
CS-2026-060555,2026-04-11,Indore,CH-046,P-Patil,CC-77490,18.11,22.23,97.66,142.0,-0.13,frozen,standard,no
CS-2026-060556,2026-06-14,Indore,CH-022,P-Patil,CC-51912,26.43,39.14,177.86,56.0,-9.25,frozen,standard,yes
CS-2026-060557,2026-03-27,Pune,CH-062,P-Patil,CC-18877,52.59,31.04,85.17,85.0,-22.22,controlled,enhanced,no
CS-2026-060558,2026-03-27,Nagpur,CH-079,S-Iyer,CC-20323,116.1,22.16,97.82,123.0,-9.68,mixed,standard,no
CS-2026-060559,2026-04-24,Nagpur,CH-038,A-Mehta,CC-29883,97.67,22.47,159.21,6.0,-19.93,chilled,high-efficiency,yes
CS-2026-060560,2026-03-01,Surat,CH-043,N-Rao,CC-47473,90.1,39.29,7.94,122.0,-10.08,frozen,enhanced,yes
CS-2026-060561,2026-01-03,Surat,CH-055,A-Mehta,CC-34667,103.53,45.57,35.15,89.0,0.52,controlled,standard,no
CS-2026-060562,2026-02-27,Indore,CH-005,R-Khan,CC-26078,81.27,21.7,73.28,28.0,1.5,controlled,  ENHANCED ,yes
CS-2026-060563,2026-05-05,Nagpur,CH-050,N-Rao,CC-32634,71.11,35.63,176.69,89.0,-14.89,chilled,standard,no
CS-2026-060564,2026-03-28,Indore,CH-011,R-Khan,CC-53864,95.03,32.33,47.6,95.0,3.23,frozen,high-efficiency,no
CS-2026-060565,2026-04-17,Indore,CH-029,R-Khan,CC-82765,36.4,24.89,74.29,30.0,7.41,chilled,high-efficiency,no
CS-2026-060566,2026-04-04,Pune,CH-080,P-Patil,CC-56555,113.51,25.19,85.83,50.0,-18.35,controlled,standard,yes
CS-2026-060567,2026-01-14,Surat,CH-058,P-Patil,CC-17532,101.15,20.77,89.48,35.0,-17.49,mixed,high-efficiency,yes
CS-2026-060568,2026-01-04,Pune,CH-022,R-Khan,CC-77572,64.5,30.53,9.1,83.0,6.87,chilled,enhanced,yes
CS-2026-060569,2026-01-08,Pune,CH-029,N-Rao,CC-44709,97.95,28.65,119.08,44.0,5.5,mixed,high-efficiency,  NO 
CS-2026-060570,2026-06-16,Nagpur,CH-030,P-Patil,CC-98374,68.94,24.18,62.64,77.0,7.72,chilled,standard,  YES 
CS-2026-060571,2026-04-21,Surat,CH-071,R-Khan,CC-57492,28.43,38.14,,51.0,-6.38,chilled,standard,no
CS-2026-060572,2026-04-28,Pune,CH-068,P-Patil,CC-33814,49.82,39.0,147.33,81.0,-3.26,chilled,standard,no
CS-2026-060573,2026-04-26,Nagpur,CH-073,R-Khan,CC-34908,35.78,25.99,125.24,3.0,4.41,chilled,standard,no
CS-2026-060574,2026-01-22,Indore,CH-062,N-Rao,CC-80960,16.49,42.86,27.88,18.0,-1.57,controlled,standard,no
CS-2026-060575,2026-04-29,Surat,CH-036,P-Patil,CC-40396,36.0,18.99,82.31,60.0,-3.0,controlled,standard,no
CS-2026-060576,2026-06-17,Nashik,CH-056,N-Rao,CC-30342,51.3,36.46,89.97,125.0,-11.68,mixed,standard,no
CS-2026-060577,2026-02-28,Surat,CH-029,N-Rao,CC-49762,70.83,33.89,90.12,24.0,-14.29,frozen,standard,yes
CS-2026-060578,2026-04-06,Nashik,CH-080,P-Patil,CC-10217,84.0,39.42,35.94,106.0,-1.78,mixed,enhanced,yes
CS-2026-060579,2026-06-19,Surat,CH-026,R-Khan,CC-20334,87.53,28.61,28.62,133.0,-13.1,chilled,enhanced,no
CS-2026-060580,2026-05-10,Surat,CH-067,P-Patil,CC-19583,46.1,34.67,33.88,113.0,-8.16,frozen,standard,no
CS-2026-060581,2026-01-23,Pune,CH-075,N-Rao,CC-84443,113.77,22.8,,76.0,-5.75,controlled,standard,yes
CS-2026-060582,2026-04-29,Nagpur,CH-079,N-Rao,CC-74162,95.76,36.51,83.35,106.0,2.67,chilled,standard,no
CS-2026-060583,2026-01-23,Nagpur,CH-047,N-Rao,CC-71093,116.96,29.46,160.5,115.0,6.1,controlled,enhanced,yes
CS-2026-060584,2026-01-29,Nagpur,CH-064,A-Mehta,CC-22550,78.55,23.23,114.06,15.0,-17.03,chilled,standard,no
CS-2026-060585,2026-03-12,Indore,CH-026,S-Iyer,CC-19949,41.23,28.96,167.63,32.0,-18.34,controlled,  ENHANCED ,no
CS-2026-060586,2026-02-07,Surat,CH-010,P-Patil,CC-69529,112.48,39.84,72.04,23.0,-17.84,chilled,standard,no
CS-2026-060587,2026-04-30,Indore,CH-039,S-Iyer,CC-44842,54.07,29.7,160.79,3.0,-5.94,frozen,standard,no
CS-2026-060588,2026-01-04,Pune,CH-034,S-Iyer,CC-12389,114.58,37.01,124.35,91.0,-19.46,mixed,enhanced,no
CS-2026-060589,2026-01-15,Pune,CH-025,R-Khan,CC-32592,65.18,39.61,141.01,140.0,-10.79,mixed,high-efficiency,no
CS-2026-060590,2026-02-24,Pune,CH-040,N-Rao,CC-51020,38.05,29.74,5.74,136.0,-10.25,  MIXED ,  STANDARD ,  NO 
CS-2026-060591,2026-06-17,Pune,CH-048,R-Khan,CC-85066,41.71,34.15,41.54,29.0,-17.39,mixed,high-efficiency,yes
CS-2026-060592,2026-02-01,Pune,CH-027,P-Patil,CC-96547,33.91,26.41,15.25,18.0,-18.63,controlled,enhanced,yes
CS-2026-060593,2026-06-24,Nashik,CH-039,P-Patil,CC-33112,101.06,26.66,55.87,84.0,-5.37,chilled,standard,no
CS-2026-060594,2026-05-28,Surat,CH-077,S-Iyer,CC-83601,37.87,29.49,44.95,3.0,4.82,mixed,  HIGH-EFFICIENCY ,yes
CS-2026-060595,2026-04-28,Surat,CH-072,A-Mehta,CC-34915,43.77,,31.84,99.0,-3.8,frozen,  ENHANCED ,no
CS-2026-060596,2026-06-25,Pune,CH-020,R-Khan,CC-84363,103.36,23.41,117.97,100.0,-10.31,chilled,high-efficiency,no
CS-2026-060597,2026-02-24,Nashik,CH-044,P-Patil,CC-88072,67.99,41.12,87.62,97.0,-20.46,frozen,standard,no
CS-2026-060598,2026-03-07,Surat,CH-012,N-Rao,CC-24222,119.3,44.9,137.54,108.0,-10.37,  CONTROLLED ,  ENHANCED ,no
CS-2026-060599,2026-05-23,Indore,CH-076,S-Iyer,CC-96821,28.72,20.57,147.08,144.0,-11.42,frozen,standard,no
CS-2026-060600,2026-04-12,Nashik,CH-062,P-Patil,CC-27429,10.2,42.05,99.43,11.0,2.52,frozen,standard,no
CS-2026-060601,2026-03-20,Pune,CH-006,A-Mehta,CC-88374,107.64,41.67,72.62,80.0,4.23,  CONTROLLED ,standard,no
CS-2026-060602,2026-01-10,Pune,CH-047,S-Iyer,CC-24122,15.02,,80.88,109.0,-14.27,frozen,enhanced,yes
CS-2026-060603,2026-05-12,Indore,CH-065,A-Mehta,CC-29978,80.21,22.56,68.23,74.0,5.05,controlled,enhanced,no
CS-2026-060604,2026-04-07,Surat,CH-070,S-Iyer,CC-72586,18.1,24.23,22.85,87.0,-7.14,  FROZEN ,high-efficiency,no
CS-2026-060605,2026-01-17,Nashik,CH-019,S-Iyer,CC-96040,11.22,44.44,26.84,57.0,-19.74,controlled,standard,no
CS-2026-060606,2026-05-15,Indore,CH-012,A-Mehta,CC-74077,29.23,18.01,105.11,53.0,7.95,chilled,standard,  NO 
CS-2026-060607,2026-05-03,Surat,CH-069,N-Rao,CC-93437,36.51,38.47,107.89,30.0,7.13,chilled,standard,no
CS-2026-060608,2026-05-27,Indore,CH-046,P-Patil,CC-48086,8.88,44.63,130.84,144.0,-6.2,mixed,standard,no
CS-2026-060609,2026-01-30,Nagpur,CH-002,P-Patil,CC-87854,11.99,27.28,150.21,47.0,-9.32,chilled,enhanced,yes
CS-2026-060610,2026-01-03,Pune,CH-034,S-Iyer,CC-11959,76.66,19.78,95.17,20.0,0.35,  CHILLED ,  HIGH-EFFICIENCY ,yes
CS-2026-060611,2026-01-01,Indore,CH-063,A-Mehta,CC-88628,90.56,34.88,153.71,143.0,-14.86,mixed,high-efficiency,yes
CS-2026-060612,2026-01-13,Surat,CH-044,A-Mehta,CC-22107,60.7,38.22,25.31,133.0,-21.98,chilled,enhanced,no
CS-2026-060613,2026-01-09,Pune,CH-080,A-Mehta,CC-69907,37.16,34.66,166.15,82.0,-14.06,mixed,enhanced,no
CS-2026-060614,2026-05-07,Nashik,CH-044,R-Khan,CC-85483,38.55,23.24,53.8,125.0,-7.41,frozen,standard,yes
CS-2026-060615,2026-02-15,Indore,CH-054,N-Rao,CC-36960,58.1,25.8,92.72,16.0,4.15,frozen,enhanced,yes
CS-2026-060616,2026-03-03,Nashik,CH-013,A-Mehta,CC-41166,102.31,33.15,106.87,115.0,-2.4,chilled,enhanced,yes
CS-2026-060617,2026-05-10,Surat,CH-080,S-Iyer,CC-78741,90.43,32.25,160.42,16.0,-20.07,frozen,standard,no
CS-2026-060618,2026-05-03,Surat,CH-002,S-Iyer,CC-60276,32.69,34.37,30.45,133.0,-7.22,chilled,standard,  NO 
CS-2026-060619,2026-03-15,Surat,CH-044,S-Iyer,CC-42132,91.16,45.76,121.03,138.0,-18.11,frozen,high-efficiency,  NO 
CS-2026-060620,2026-03-01,Pune,CH-062,S-Iyer,CC-70297,90.49,31.48,163.63,128.0,-2.49,chilled,enhanced,no
CS-2026-060621,2026-02-19,Nashik,CH-019,P-Patil,CC-68340,101.32,30.41,153.06,54.0,0.06,chilled,enhanced,yes
CS-2026-060622,2026-02-09,Pune,CH-012,R-Khan,CC-65327,70.3,20.41,119.55,112.0,-20.08,mixed,enhanced,no
CS-2026-060623,2026-04-24,Nagpur,CH-069,A-Mehta,CC-97423,113.5,18.86,14.48,3.0,-21.49,frozen,enhanced,no
CS-2026-060624,2026-03-31,Nagpur,CH-012,P-Patil,CC-68219,59.71,45.26,35.64,77.0,6.68,frozen,standard,yes
CS-2026-060625,2026-02-01,Nashik,CH-023,N-Rao,CC-45476,34.83,34.23,141.9,57.0,-4.54,mixed,enhanced,yes
CS-2026-060626,2026-02-22,Indore,CH-046,A-Mehta,CC-39301,78.14,42.86,117.55,8.0,-13.12,  CONTROLLED ,enhanced,yes
CS-2026-060627,2026-06-06,Pune,CH-027,R-Khan,CC-71409,25.26,37.69,166.88,96.0,-15.74,frozen,standard,no
CS-2026-060628,2026-01-08,Indore,CH-060,A-Mehta,CC-63598,81.98,40.77,157.74,45.0,-8.09,controlled,enhanced,no
CS-2026-060629,2026-02-25,Surat,CH-033,A-Mehta,CC-54522,51.24,36.21,8.77,8.0,3.24,mixed,standard,yes
CS-2026-060630,2026-06-15,Surat,CH-073,A-Mehta,CC-67117,17.2,23.07,162.5,66.0,-16.15,frozen,enhanced,no
CS-2026-060631,2026-03-04,Indore,CH-029,S-Iyer,CC-16586,25.08,21.0,,136.0,-17.56,frozen,standard,yes
CS-2026-060632,2026-01-11,Indore,CH-051,A-Mehta,CC-10000,92.77,37.52,69.46,97.0,-6.35,chilled,enhanced,yes
CS-2026-060633,2026-02-18,Nashik,CH-009,N-Rao,CC-46104,104.08,,161.13,127.0,-23.07,frozen,standard,  YES 
CS-2026-060634,2026-02-10,Nagpur,CH-038,S-Iyer,CC-42650,60.94,33.54,36.22,115.0,-15.71,mixed,standard,yes
CS-2026-060635,2026-02-14,Pune,CH-011,N-Rao,CC-90759,103.94,,60.28,58.0,-6.89,controlled,enhanced,yes
CS-2026-060636,2026-03-19,Surat,CH-048,N-Rao,CC-42800,38.48,43.21,159.24,58.0,0.41,mixed,high-efficiency,no
CS-2026-060637,2026-02-28,Nagpur,CH-003,R-Khan,CC-87345,54.16,33.24,25.73,90.0,5.51,mixed,standard,yes
CS-2026-060638,2026-04-19,Indore,CH-054,S-Iyer,CC-13525,28.0,31.1,174.68,75.0,-15.32,controlled,enhanced,no
CS-2026-060639,2026-03-01,Nashik,CH-036,P-Patil,CC-70026,95.61,29.03,144.48,96.0,-8.59,frozen,standard,no
CS-2026-060640,2026-05-02,Surat,CH-025,R-Khan,CC-75509,49.22,33.94,,23.0,-5.93,chilled,high-efficiency,yes
CS-2026-060641,2026-06-30,Nashik,CH-001,S-Iyer,CC-31989,43.43,41.48,76.6,126.0,-19.88,frozen,enhanced,  YES 
CS-2026-060642,2026-03-05,Nashik,CH-037,P-Patil,CC-76390,94.17,35.87,154.92,124.0,-0.48,chilled,enhanced,  NO 
CS-2026-060643,2026-05-16,Indore,CH-043,S-Iyer,CC-73883,77.8,26.47,156.63,29.0,2.61,mixed,enhanced,no
CS-2026-060644,2026-03-08,Nagpur,CH-065,P-Patil,CC-79668,54.01,20.3,14.23,60.0,5.51,frozen,standard,yes
CS-2026-060645,2026-06-05,Surat,CH-017,A-Mehta,CC-95493,12.56,27.74,142.07,11.0,-9.0,chilled,high-efficiency,no
CS-2026-060646,2026-04-28,Indore,CH-020,P-Patil,CC-65593,37.48,21.84,20.89,40.0,-17.79,mixed,high-efficiency,  YES 
CS-2026-060647,2026-01-11,Nagpur,CH-050,N-Rao,CC-43099,8.31,21.79,175.95,50.0,-13.26,chilled,standard,no
CS-2026-060648,2026-06-06,Surat,CH-044,N-Rao,CC-97925,66.6,29.32,127.44,140.0,-19.71,mixed,  STANDARD ,  NO 
CS-2026-060649,2026-03-27,Nashik,CH-071,A-Mehta,CC-62367,112.75,42.85,152.22,130.0,-13.56,  FROZEN ,standard,yes
CS-2026-060650,2026-02-13,Surat,CH-026,R-Khan,CC-82552,48.61,30.45,51.17,46.0,7.75,mixed,enhanced,yes
CS-2026-060651,2026-04-22,Nashik,CH-067,S-Iyer,CC-37538,51.84,24.71,133.88,67.0,-19.15,mixed,standard,no
CS-2026-060652,2026-01-26,Nagpur,CH-003,P-Patil,CC-56230,96.33,39.71,167.0,71.0,-6.73,controlled,enhanced,no
CS-2026-060653,2026-05-02,Nagpur,CH-068,R-Khan,CC-85063,84.45,43.22,22.71,128.0,-17.72,chilled,standard,no
CS-2026-060654,2026-05-15,Nashik,CH-077,N-Rao,CC-45018,76.78,43.73,159.01,43.0,3.08,chilled,enhanced,no
CS-2026-060655,2026-01-11,Nagpur,CH-073,R-Khan,CC-94133,68.97,36.91,25.12,,-22.35,mixed,enhanced,yes
CS-2026-060656,2026-03-13,Nashik,CH-079,R-Khan,CC-95894,116.86,28.92,111.75,74.0,-5.58,chilled,  ENHANCED ,no
CS-2026-060657,2026-03-18,Nagpur,CH-048,P-Patil,CC-21654,23.93,18.09,96.21,55.0,3.81,controlled,standard,yes
CS-2026-060658,2026-06-03,Nashik,CH-040,P-Patil,CC-98144,77.27,43.42,178.17,143.0,-9.63,chilled,standard,  NO 
CS-2026-060659,2026-03-05,Nagpur,CH-080,R-Khan,CC-69671,63.9,40.53,53.17,76.0,-22.74,chilled,standard,yes
CS-2026-060660,2026-03-30,Nagpur,CH-017,P-Patil,CC-42681,81.12,25.25,7.21,87.0,6.11,chilled,high-efficiency,yes
CS-2026-060661,2026-06-21,Pune,CH-057,A-Mehta,CC-66207,97.36,45.41,179.56,91.0,0.94,mixed,standard,yes
CS-2026-060662,2026-05-11,Surat,CH-071,P-Patil,CC-51765,63.71,34.73,179.44,43.0,-5.45,  MIXED ,enhanced,yes
CS-2026-060663,2026-05-24,Nagpur,CH-002,S-Iyer,CC-86935,30.59,31.53,116.9,24.0,-21.73,controlled,enhanced,no
CS-2026-060664,2026-05-27,Surat,CH-031,P-Patil,CC-84698,84.09,41.5,144.31,45.0,5.47,frozen,standard,  NO 
CS-2026-060665,2026-06-08,Nashik,CH-015,A-Mehta,CC-61366,23.21,31.85,18.43,93.0,-1.4,frozen,enhanced,no
CS-2026-060666,2026-01-19,Nashik,CH-038,N-Rao,CC-33521,110.64,43.71,21.05,37.0,-16.11,chilled,standard,no
CS-2026-060667,2026-05-11,Nagpur,CH-022,P-Patil,CC-32183,114.54,23.09,9.05,94.0,-7.5,  FROZEN ,standard,  NO 
CS-2026-060668,2026-05-05,Indore,CH-044,R-Khan,CC-28734,112.0,24.18,173.91,33.0,-3.54,mixed,enhanced,yes
CS-2026-060669,2026-04-05,Surat,CH-022,S-Iyer,CC-35959,16.58,32.39,77.2,10.0,-1.1,controlled,enhanced,yes
CS-2026-060670,2026-06-26,Nagpur,CH-045,N-Rao,CC-94045,31.66,20.45,94.64,100.0,7.97,frozen,standard,no
CS-2026-060671,2026-04-03,Indore,CH-016,P-Patil,CC-79886,58.97,19.45,,125.0,4.81,chilled,high-efficiency,no
CS-2026-060672,2026-03-27,Nashik,CH-048,P-Patil,CC-12592,117.97,,42.67,17.0,-5.27,mixed,standard,no
CS-2026-060673,2026-06-03,Pune,CH-024,P-Patil,CC-59931,70.14,18.77,91.99,9.0,-20.98,mixed,enhanced,no
CS-2026-060674,2026-01-15,Pune,CH-061,A-Mehta,CC-99098,57.72,42.7,132.1,97.0,-12.41,  CONTROLLED ,standard,no
CS-2026-060675,2026-02-07,Pune,CH-071,N-Rao,CC-77967,61.07,20.61,96.6,95.0,-6.76,mixed,standard,no
CS-2026-060676,2026-01-27,Nagpur,CH-005,A-Mehta,CC-68482,49.9,40.11,47.12,137.0,-1.72,chilled,enhanced,no
CS-2026-060677,2026-01-14,Pune,CH-063,R-Khan,CC-66176,33.0,33.59,156.89,89.0,-14.0,mixed,standard,no
CS-2026-060678,2026-01-16,Indore,CH-009,N-Rao,CC-27549,89.07,40.18,137.1,24.0,-1.92,  CHILLED ,  HIGH-EFFICIENCY ,no
CS-2026-060679,2026-03-01,Pune,CH-036,A-Mehta,CC-47497,83.27,45.1,71.04,75.0,1.63,mixed,standard,  NO 
CS-2026-060680,2026-06-19,Indore,CH-048,N-Rao,CC-95301,51.03,37.3,115.04,41.0,5.79,  CONTROLLED ,enhanced,yes
CS-2026-060681,2026-04-24,Indore,CH-050,R-Khan,CC-64393,106.86,35.0,,76.0,-15.8,frozen,standard,no
CS-2026-060682,2026-03-08,Surat,CH-061,P-Patil,CC-58260,72.75,28.51,38.12,,-16.23,mixed,enhanced,no
CS-2026-060683,2026-04-02,Nagpur,CH-020,A-Mehta,CC-35481,41.28,30.27,24.15,106.0,-5.76,controlled,standard,  NO 
CS-2026-060684,2026-02-15,Pune,CH-042,R-Khan,CC-91584,28.05,37.98,20.35,102.0,-1.98,frozen,enhanced,no
CS-2026-060685,2026-06-13,Nashik,CH-004,S-Iyer,CC-20909,12.01,35.7,,55.0,-8.62,frozen,high-efficiency,yes
CS-2026-060686,2026-05-10,Pune,CH-069,P-Patil,CC-57763,50.96,38.49,81.0,137.0,5.22,chilled,standard,yes
CS-2026-060687,2026-01-22,Nashik,CH-016,N-Rao,CC-69588,81.18,34.61,38.52,101.0,-20.66,controlled,high-efficiency,no
CS-2026-060688,2026-03-13,Indore,CH-062,A-Mehta,CC-31766,112.43,23.93,8.81,43.0,4.07,controlled,enhanced,  YES 
CS-2026-060689,2026-04-01,Nashik,CH-080,R-Khan,CC-80102,85.66,25.83,46.92,138.0,-20.45,controlled,enhanced,no
CS-2026-060690,2026-01-07,Nashik,CH-038,S-Iyer,CC-17050,96.76,38.22,10.16,15.0,-13.99,controlled,standard,no
CS-2026-060691,2026-04-23,Nagpur,CH-011,R-Khan,CC-45059,54.62,41.13,115.48,110.0,-18.38,chilled,enhanced,yes
CS-2026-060692,2026-01-12,Nashik,CH-079,N-Rao,CC-77725,50.44,27.04,115.02,111.0,-10.45,mixed,standard,no
CS-2026-060693,2026-03-29,Pune,CH-078,R-Khan,CC-91158,51.47,30.41,98.03,112.0,-15.44,chilled,enhanced,no
CS-2026-060694,2026-06-28,Surat,CH-077,P-Patil,CC-76236,30.22,44.26,142.71,40.0,1.2,chilled,high-efficiency,no
CS-2026-060695,2026-05-26,Pune,CH-043,A-Mehta,CC-16676,65.35,33.66,87.37,121.0,-7.03,mixed,enhanced,yes
CS-2026-060696,2026-03-16,Nashik,CH-043,P-Patil,CC-26494,82.46,33.58,122.12,5.0,-13.17,frozen,enhanced,yes
CS-2026-060697,2026-01-13,Indore,CH-011,P-Patil,CC-98675,48.02,38.96,17.42,35.0,0.5,chilled,standard,no
CS-2026-060698,2026-03-20,Indore,CH-047,R-Khan,CC-97163,78.54,19.32,134.51,57.0,-23.98,chilled,enhanced,no
CS-2026-060699,2026-06-27,Indore,CH-040,A-Mehta,CC-48302,93.26,35.78,132.27,84.0,-21.59,frozen,enhanced,no
CS-2026-060700,2026-06-30,Indore,CH-029,S-Iyer,CC-93545,17.59,36.74,142.83,95.0,7.07,chilled,standard,yes
CS-2026-060701,2026-03-31,Indore,CH-020,N-Rao,CC-97832,31.35,26.7,169.88,128.0,2.12,chilled,standard,no
CS-2026-060702,2026-03-04,Indore,CH-032,P-Patil,CC-51487,17.11,26.46,158.44,130.0,3.5,frozen,enhanced,yes
CS-2026-060703,2026-04-08,Nagpur,CH-034,P-Patil,CC-21321,60.73,19.09,5.21,87.0,6.4,chilled,standard,yes
CS-2026-060704,2026-03-17,Nashik,CH-067,R-Khan,CC-77570,104.95,40.95,82.29,34.0,-23.23,chilled,enhanced,  NO 
CS-2026-060705,2026-03-01,Pune,CH-065,A-Mehta,CC-77399,77.79,43.25,72.92,,-3.71,chilled,standard,no
CS-2026-060706,2026-05-10,Pune,CH-068,A-Mehta,CC-17815,115.32,20.26,121.49,48.0,1.11,frozen,high-efficiency,no
CS-2026-060707,2026-04-14,Surat,CH-036,P-Patil,CC-27990,71.08,43.83,55.2,131.0,-21.05,controlled,enhanced,yes
CS-2026-060708,2026-06-09,Surat,CH-036,P-Patil,CC-67157,45.2,18.96,7.21,45.0,-12.91,frozen,high-efficiency,no
CS-2026-060709,2026-03-24,Nashik,CH-024,S-Iyer,CC-72830,110.76,32.5,104.32,123.0,-14.52,chilled,standard,no
CS-2026-060710,2026-05-31,Nashik,CH-029,N-Rao,CC-24435,27.72,40.52,177.64,90.0,2.01,frozen,standard,no
CS-2026-060711,2026-05-18,Surat,CH-039,N-Rao,CC-59492,28.92,37.75,52.88,26.0,5.81,frozen,standard,no
CS-2026-060712,2026-04-14,Nagpur,CH-002,S-Iyer,CC-31364,83.94,29.32,18.38,15.0,-21.37,controlled,enhanced,yes
CS-2026-060713,2026-04-15,Pune,CH-049,R-Khan,CC-34697,56.87,18.25,60.97,134.0,-21.31,mixed,standard,no
CS-2026-060714,2026-02-22,Nashik,CH-032,P-Patil,CC-67480,57.06,42.79,132.42,14.0,-21.72,mixed,high-efficiency,no
CS-2026-060715,2026-05-20,Surat,CH-056,P-Patil,CC-76265,67.8,29.0,159.95,5.0,-23.61,controlled,high-efficiency,no
CS-2026-060716,2026-03-07,Surat,CH-002,P-Patil,CC-11118,66.14,25.39,120.37,97.0,-11.27,controlled,enhanced,yes
CS-2026-060717,2026-01-31,Nashik,CH-027,A-Mehta,CC-21655,72.88,33.81,134.33,81.0,-1.24,controlled,  STANDARD ,  YES 
CS-2026-060718,2026-06-04,Nashik,CH-008,R-Khan,CC-85277,65.18,36.68,49.82,53.0,2.42,controlled,standard,no
CS-2026-060719,2026-06-20,Pune,CH-038,R-Khan,CC-73104,75.45,39.85,6.76,81.0,-11.23,chilled,  STANDARD ,no
CS-2026-060720,2026-05-07,Nashik,CH-055,A-Mehta,CC-47084,22.41,23.78,131.99,102.0,-12.37,  CONTROLLED ,  ENHANCED ,yes
CS-2026-060721,2026-05-29,Pune,CH-024,R-Khan,CC-87936,97.4,39.35,21.92,142.0,4.04,controlled,high-efficiency,no
CS-2026-060722,2026-04-02,Pune,CH-080,A-Mehta,CC-50823,85.57,,31.22,71.0,-23.22,controlled,enhanced,no
CS-2026-060723,2026-03-03,Nashik,CH-073,S-Iyer,CC-84541,59.24,34.15,165.5,128.0,-5.76,frozen,standard,no
CS-2026-060724,2026-03-27,Nagpur,CH-031,S-Iyer,CC-46928,94.75,24.6,47.11,36.0,2.49,frozen,standard,no
CS-2026-060725,2026-02-27,Nashik,CH-043,S-Iyer,CC-35733,38.83,39.9,36.21,97.0,-5.39,mixed,enhanced,no
CS-2026-060726,2026-01-13,Nagpur,CH-028,S-Iyer,CC-82881,33.09,18.56,153.22,97.0,-9.42,frozen,standard,yes
CS-2026-060727,2026-02-14,Pune,CH-041,A-Mehta,CC-55693,48.9,24.01,137.34,28.0,-2.75,controlled,standard,yes
CS-2026-060728,2026-06-09,Indore,CH-058,S-Iyer,CC-92657,40.66,,32.62,31.0,5.58,chilled,standard,yes
CS-2026-060729,2026-03-06,Indore,CH-022,P-Patil,CC-70044,17.84,35.97,64.68,64.0,-11.96,chilled,enhanced,yes
CS-2026-060730,2026-03-17,Indore,CH-008,N-Rao,CC-17761,20.49,24.02,,75.0,1.38,mixed,  ENHANCED ,no
CS-2026-060731,2026-02-20,Pune,CH-067,S-Iyer,CC-32403,57.11,21.05,159.01,134.0,-8.79,chilled,high-efficiency,no
CS-2026-060732,2026-02-26,Surat,CH-074,S-Iyer,CC-40437,66.61,26.17,41.09,126.0,4.45,mixed,standard,  YES 
CS-2026-060733,2026-05-31,Indore,CH-028,N-Rao,CC-12525,109.53,41.95,56.35,127.0,6.44,chilled,standard,no
CS-2026-060734,2026-06-02,Indore,CH-075,N-Rao,CC-22141,65.1,21.71,30.99,114.0,-0.28,chilled,enhanced,no
CS-2026-060735,2026-05-18,Nashik,CH-024,A-Mehta,CC-14450,58.44,44.89,35.93,127.0,-15.38,  CONTROLLED ,standard,no
CS-2026-060736,2026-05-02,Nashik,CH-073,R-Khan,CC-47615,49.87,19.79,34.78,30.0,7.39,chilled,high-efficiency,yes
CS-2026-060737,2026-03-19,Nagpur,CH-057,S-Iyer,CC-72801,91.53,19.35,20.57,36.0,-0.56,chilled,high-efficiency,yes
CS-2026-060738,2026-05-23,Surat,CH-033,N-Rao,CC-27160,33.01,40.75,7.55,134.0,-15.43,mixed,standard,yes
CS-2026-060739,2026-05-04,Surat,CH-076,N-Rao,CC-83085,89.03,37.19,84.43,117.0,-2.74,chilled,enhanced,yes
CS-2026-060740,2026-02-19,Nashik,CH-062,S-Iyer,CC-22958,117.71,37.8,168.39,23.0,-13.26,  CHILLED ,standard,yes
CS-2026-060741,2026-01-17,Nashik,CH-024,R-Khan,CC-53702,119.77,21.16,71.85,82.0,-2.21,chilled,standard,no
CS-2026-060742,2026-01-16,Pune,CH-048,A-Mehta,CC-19060,93.8,36.4,15.02,118.0,-24.0,  MIXED ,standard,no
CS-2026-060743,2026-05-21,Indore,CH-031,A-Mehta,CC-62852,58.9,33.87,94.39,69.0,4.86,frozen,enhanced,no
CS-2026-060744,2026-05-31,Indore,CH-052,P-Patil,CC-39434,53.17,40.58,18.38,88.0,5.62,mixed,enhanced,yes
CS-2026-060745,2026-05-16,Nagpur,CH-033,P-Patil,CC-76872,39.27,20.88,95.27,40.0,7.37,  CHILLED ,standard,yes
CS-2026-060746,2026-05-22,Nagpur,CH-035,S-Iyer,CC-74119,55.99,,88.11,29.0,-2.68,mixed,enhanced,no
CS-2026-060747,2026-01-28,Surat,CH-012,A-Mehta,CC-98685,91.45,27.02,176.46,20.0,-15.09,mixed,enhanced,  NO 
CS-2026-060748,2026-02-01,Nagpur,CH-007,R-Khan,CC-91439,17.98,40.42,88.65,138.0,-8.57,mixed,standard,no
CS-2026-060749,2026-01-26,Nashik,CH-037,N-Rao,CC-15459,36.32,37.76,48.03,11.0,-10.42,mixed,standard,no
CS-2026-060750,2026-01-26,Surat,CH-035,A-Mehta,CC-26110,111.97,34.56,5.14,34.0,5.88,chilled,standard,no
CS-2026-060751,2026-03-07,Nagpur,CH-006,A-Mehta,CC-14103,47.5,21.28,65.54,138.0,-18.91,mixed,standard,no
CS-2026-060752,2026-04-14,Surat,CH-051,R-Khan,CC-42950,59.19,40.71,139.66,141.0,-1.29,mixed,standard,yes
CS-2026-060753,2026-05-05,Indore,CH-004,S-Iyer,CC-30462,92.55,29.3,159.76,125.0,6.21,controlled,enhanced,no
CS-2026-060754,2026-04-06,Nagpur,CH-053,A-Mehta,CC-55257,52.11,45.09,25.5,40.0,0.35,frozen,  STANDARD ,yes
CS-2026-060755,2026-01-02,Indore,CH-032,R-Khan,CC-54544,16.53,40.91,93.35,103.0,-2.82,chilled,high-efficiency,no
CS-2026-060756,2026-06-13,Nagpur,CH-005,S-Iyer,CC-58432,79.24,37.28,66.76,67.0,-22.67,frozen,enhanced,yes
CS-2026-060757,2026-01-19,Indore,CH-079,N-Rao,CC-65369,106.1,26.52,127.37,106.0,0.6,controlled,standard,no
CS-2026-060758,2026-01-06,Surat,CH-029,S-Iyer,CC-35328,117.7,33.5,137.55,61.0,-12.36,chilled,standard,no
CS-2026-060759,2026-04-21,Pune,CH-068,S-Iyer,CC-67819,84.34,20.66,169.09,143.0,-23.11,mixed,  STANDARD ,no
CS-2026-060760,2026-01-14,Indore,CH-033,A-Mehta,CC-10299,38.09,38.71,120.51,58.0,6.16,  MIXED ,standard,no
CS-2026-060761,2026-05-21,Indore,CH-014,N-Rao,CC-19340,48.3,45.14,18.84,8.0,-6.34,mixed,standard,no
CS-2026-060762,2026-06-27,Nagpur,CH-069,S-Iyer,CC-24107,101.44,22.84,31.6,13.0,-18.49,frozen,high-efficiency,no
CS-2026-060763,2026-02-03,Indore,CH-079,P-Patil,CC-91832,18.01,21.01,176.2,97.0,-19.03,chilled,  HIGH-EFFICIENCY ,no
CS-2026-060764,2026-06-30,Indore,CH-066,R-Khan,CC-26141,46.7,29.82,135.68,40.0,-4.0,chilled,enhanced,no
CS-2026-060765,2026-05-16,Pune,CH-033,A-Mehta,CC-25698,54.47,42.88,83.32,,-9.08,chilled,standard,no
CS-2026-060766,2026-01-29,Surat,CH-049,N-Rao,CC-95141,38.86,43.27,99.42,106.0,-14.41,controlled,standard,no
CS-2026-060767,2026-04-12,Nagpur,CH-073,S-Iyer,CC-65311,48.13,20.16,72.36,143.0,-13.41,mixed,standard,yes
CS-2026-060768,2026-03-22,Nagpur,CH-007,A-Mehta,CC-62619,74.5,30.05,47.17,78.0,-20.54,mixed,  STANDARD ,no
CS-2026-060769,2026-04-18,Indore,CH-064,A-Mehta,CC-80642,21.38,43.59,24.49,67.0,-11.96,frozen,high-efficiency,yes
CS-2026-060770,2026-04-22,Pune,CH-001,R-Khan,CC-12894,92.0,29.66,57.19,122.0,0.31,frozen,standard,no
CS-2026-060771,2026-02-26,Pune,CH-070,P-Patil,CC-77548,25.12,26.7,82.28,130.0,-20.05,chilled,standard,yes
CS-2026-060772,2026-05-06,Pune,CH-026,R-Khan,CC-24263,86.78,28.46,59.63,79.0,-23.38,frozen,enhanced,yes
CS-2026-060773,2026-02-28,Surat,CH-054,R-Khan,CC-61389,69.7,19.66,178.86,31.0,-3.71,chilled,standard,no
CS-2026-060774,2026-05-26,Nagpur,CH-012,R-Khan,CC-36109,83.79,30.44,177.21,,-2.51,mixed,enhanced,yes
CS-2026-060775,2026-05-04,Pune,CH-037,N-Rao,CC-64003,55.48,34.26,96.77,90.0,-6.51,chilled,standard,yes
CS-2026-060776,2026-06-10,Pune,CH-043,S-Iyer,CC-94681,70.71,31.81,41.1,,-11.08,frozen,high-efficiency,no
CS-2026-060777,2026-05-31,Surat,CH-063,A-Mehta,CC-48719,48.46,43.54,,78.0,-9.47,mixed,standard,yes
CS-2026-060778,2026-04-27,Nagpur,CH-034,N-Rao,CC-77127,114.92,41.99,44.22,92.0,-6.03,frozen,enhanced,no
CS-2026-060779,2026-01-06,Nashik,CH-006,P-Patil,CC-86405,75.78,43.88,44.24,59.0,-16.77,chilled,standard,  NO 
CS-2026-060780,2026-06-24,Surat,CH-011,S-Iyer,CC-72380,62.02,45.93,156.31,106.0,1.81,frozen,standard,yes
CS-2026-060781,2026-04-19,Indore,CH-070,R-Khan,CC-42790,56.63,42.69,132.43,37.0,-19.18,frozen,enhanced,  YES 
CS-2026-060782,2026-03-24,Pune,CH-027,N-Rao,CC-16710,64.16,,163.81,22.0,-14.74,controlled,standard,yes
CS-2026-060783,2026-02-26,Indore,CH-018,A-Mehta,CC-29316,36.23,19.61,72.96,15.0,-8.31,frozen,standard,yes
CS-2026-060784,2026-05-29,Nashik,CH-077,R-Khan,CC-22128,13.91,30.82,141.67,38.0,-2.99,  CHILLED ,standard,no
CS-2026-060785,2026-05-16,Surat,CH-080,A-Mehta,CC-59101,54.8,42.52,70.72,63.0,-7.42,frozen,enhanced,yes
CS-2026-060786,2026-01-06,Surat,CH-004,P-Patil,CC-33481,113.97,34.57,105.45,137.0,0.76,frozen,enhanced,no
CS-2026-060787,2026-03-21,Indore,CH-045,N-Rao,CC-55100,114.32,30.07,62.99,64.0,2.01,chilled,enhanced,yes
CS-2026-060788,2026-04-20,Nashik,CH-072,R-Khan,CC-79689,82.12,33.51,115.39,55.0,-1.16,mixed,standard,no
CS-2026-060789,2026-06-03,Nashik,CH-073,S-Iyer,CC-97402,15.97,45.07,87.83,129.0,-6.12,chilled,  ENHANCED ,no
CS-2026-060790,2026-05-23,Indore,CH-061,R-Khan,CC-61421,43.88,38.72,16.23,119.0,-0.0,chilled,standard,  NO 
CS-2026-060791,2026-05-31,Nashik,CH-059,A-Mehta,CC-25361,114.3,33.78,60.4,60.0,3.19,chilled,standard,no
CS-2026-060792,2026-05-11,Surat,CH-013,S-Iyer,CC-80479,69.06,42.33,108.92,109.0,-10.36,chilled,enhanced,no
CS-2026-060793,2026-06-15,Pune,CH-030,A-Mehta,CC-27985,109.8,38.52,64.54,,-20.36,chilled,standard,no
CS-2026-060794,2026-02-13,Surat,CH-007,A-Mehta,CC-39436,28.83,41.06,137.63,116.0,-4.02,frozen,enhanced,no
CS-2026-060795,2026-04-22,Nagpur,CH-033,N-Rao,CC-39697,98.84,27.45,173.45,67.0,-21.95,chilled,standard,no
CS-2026-060796,2026-06-27,Nashik,CH-071,P-Patil,CC-95315,77.4,32.75,,135.0,-3.73,mixed,enhanced,no
CS-2026-060797,2026-01-08,Indore,CH-015,A-Mehta,CC-19446,69.85,35.21,23.17,136.0,-0.14,controlled,enhanced,yes
CS-2026-060798,2026-05-30,Nashik,CH-032,S-Iyer,CC-85534,62.61,40.03,44.76,21.0,-10.43,chilled,enhanced,no
CS-2026-060799,2026-06-20,Surat,CH-040,P-Patil,CC-42104,112.93,33.42,112.83,133.0,-14.98,  FROZEN ,enhanced,no
